"`country_code`","`id`"
,"6"
,"231"
,"280"
"se","334"
,"391"
"us","392"
,"675"
,"735"
,"788"
"gb","799"
"us","982"
"us","1022"
"us","1182"
,"1207"
"sg","1305"
"us","1615"
"de","1620"
"de","1742"
"nl","1743"
,"1799"
"us","1819"
"us","1962"
"us","1996"
,"2146"
"us","2204"
"de","2727"
"gb","2746"
"se","2864"
"it","3052"
,"3386"
"us","3430"
,"3457"
"us","3595"
"us","3623"
"ru","3648"
,"3751"
"us","3928"
"cn","4003"
"us","4021"
"co","4068"
,"4095"
"us","4267"
,"4276"
"jp","4281"
"us","4346"
,"4432"
"us","4473"
"us","4654"
"us","4711"
"us","4846"
"us","4929"
,"5124"
"us","5161"
"us","5184"
,"5455"
"us","5478"
"no","5497"
"us","5626"
"ca","5629"
,"5874"
"in","6009"
"de","6053"
,"6223"
"us","6313"
"us","6413"
,"6848"
"au","6931"
"fr","6978"
"it","7059"
"gb","7149"
,"7233"
"ar","7317"
"us","7756"
"jp","7836"
"us","7982"
,"8127"
"gb","8184"
,"8304"
"us","8329"
"se","8390"
"us","8525"
"ru","8566"
"gb","8833"
,"8892"
,"9259"
"de","9383"
"gb","9682"
"us","9709"
,"9713"
,"9716"
"gb","9951"
"co","10070"
,"10197"
,"10462"
"us","10512"
"us","10579"
"au","10594"
"ru","10649"
"cn","10686"
,"10798"
,"10912"
"ec","11067"
"gb","11435"
,"11820"
"fr","11902"
"gb","12031"
"jp","12257"
"br","12258"
"us","12830"
"us","12831"
,"12885"
,"13235"
,"13436"
"br","13718"
"us","13747"
"us","13929"
"us","14061"
,"14098"
"gb","14622"
"dk","14763"
"us","14952"
,"15433"
"ch","15728"
"us","15756"
"za","15762"
,"16113"
"us","16376"
"us","16462"
"us","16639"
"us","16820"
"fr","16836"
"ch","17000"
"us","17165"
,"17411"
"us","17730"
"us","17742"
,"17798"
"us","18003"
"de","18045"
"gb","18090"
"cn","18250"
"gb","18571"
,"18601"
,"18941"
,"19019"
"ru","19030"
"us","19375"
"be","19579"
,"19615"
,"19626"
"se","19640"
"ph","19806"
"us","19996"
"ca","20138"
"au","20678"
"us","21218"
"us","21274"
,"21530"
"es","21621"
"us","22086"
"gb","22321"
"au","22528"
,"22551"
"gb","22772"
"lv","23085"
"at","23122"
"us","23238"
"us","23301"
"us","23429"
"gb","23605"
"us","23670"
"se","23834"
"fr","23888"
"in","24177"
"de","24213"
"us","24326"
"us","24522"
,"24559"
"us","24603"
"au","24889"
,"24960"
"br","25016"
"us","25359"
,"25380"
,"25986"
,"26624"
,"26636"
,"26688"
"us","27046"
"ie","27194"
"us","28009"
,"28054"
,"28069"
"us","28204"
"gb","28556"
"ca","28576"
"us","29172"
"be","29762"
,"29914"
"us","29991"
,"30402"
"it","30653"
"us","30738"
"us","30761"
"us","31283"
"by","31366"
,"32023"
,"32107"
"nl","32638"
,"33227"
"us","33565"
,"33656"
,"34288"
"ua","35473"
"jp","36313"
"cn","36413"
"gb","36591"
,"36713"
,"37623"
"se","37778"
,"38658"
"de","38744"
,"39027"
"dk","39044"
"se","39075"
"us","40389"
"gb","41254"
"ca","41498"
"gb","41849"
"be","42214"
"us","42948"
,"43969"
"fi","45141"
,"45669"
"ca","45702"
"us","47940"
"sk","48829"
,"48951"
"gb","49570"
"at","50875"
"at","53018"
"nl","53286"
,"54068"
"us","54351"
"ru","54491"
,"54745"
"be","54785"
"us","55259"
"ie","56374"
"us","58642"
"jp","58903"
"us","59582"
,"59607"
"gb","59830"
"ca","61117"
"de","62093"
,"64212"
"ca","64390"
"us","64654"
"us","65772"
"gb","69069"
"us","70499"
"jp","74160"
"us","78782"
"gb","79442"
,"81444"
"us","82957"
,"84341"
"ca","85800"
,"87135"
,"87869"
"au","88390"
"us","90988"
"it","91363"
"de","94451"
,"96553"
"us","96689"
"de","96763"
"au","98743"
"ar","99731"
"us","100266"
"cn","102179"
"nz","104483"
"at","106815"
"ru","106864"
"br","107530"
"de","110992"
"us","112249"
,"112262"
"fi","112292"
"us","113880"
"gb","114167"
,"114751"
"us","116162"
"us","118048"
"us","118551"
,"119275"
,"119977"
"ca","120216"
,"120707"
"us","122760"
"ru","123356"
"us","124137"
,"124505"
"us","126528"
,"126778"
"us","131286"
,"134290"
"cn","136457"
"cn","137246"
"us","141145"
"us","141261"
,"142406"
"us","146205"
,"149332"
"us","150716"
"de","153822"
"us","154114"
"be","156773"
,"158753"
,"159999"
"in","164085"
,"166720"
"us","167194"
"us","167303"
,"167985"
"us","169454"
,"169529"
"jp","176492"
"us","176596"
"es","180685"
,"181526"
"us","182702"
"gb","185861"
,"189681"
,"198069"
"ca","201672"
"pt","204692"
"ua","205834"
,"206270"
"se","207212"
"us","209924"
,"214505"
,"214552"
,"216447"
"us","219601"
"in","220953"
"ca","222916"
"us","223537"
"pl","224435"
"se","231026"
"ch","233193"
"es","238698"
"cn","242564"
"fr","243431"
"us","244129"
,"244417"
,"246730"
"us","255320"
"us","260066"
"us","262948"
,"263107"
"us","267105"
"ru","267717"
"us","276344"
"us","280617"
"us","284018"
"se","284075"
"gb","285798"
"us","303616"
"co","306833"
,"306908"
"us","307612"
"us","309661"
,"311780"
"jp","313268"
,"319466"
,"321869"
"lv","323565"
"no","326476"
"jp","328815"
,"335881"
"us","337343"
"us","338816"
,"343698"
"us","344063"
,"348868"
"us","357887"
"us","362053"
"us","362894"
,"363605"
"us","366402"
,"374916"
,"383256"
"ca","386790"
,"410586"
"fr","414089"
"us","419651"
"de","422791"
,"427496"
"br","427934"
"se","440795"
"at","445199"
"dk","450059"
,"450328"
"ch","454235"
"au","455467"
,"460773"
"us","497181"
"de","499056"
,"519333"
"us","543497"
"ch","546329"
,"569534"
"us","572040"
"ca","576260"
"ca","579759"
"us","601064"
"jp","603530"
"be","615055"
"dk","640609"
"gb","643697"
"dk","651549"
"de","652682"
,"673716"
"fr","677148"
,"683351"
,"686542"
,"696102"
"us","705818"
"us","718118"
,"719340"
,"723307"
"us","724361"
"br","726806"
"fr","738430"
"in","742622"
"de","743378"
,"748510"
"kr","750986"
"us","771049"
"us","772395"
"pl","773433"
"fr","784448"
"us","788950"
,"804708"
,"811373"
,"811401"
"ch","812923"
"nl","839143"
,"843214"
"gb","856494"
,"870927"
,"911527"
"nl","927777"
"jp","979207"
,"1001578"
,"1008365"
"us","1009716"
"se","1011413"
"us","1015480"
"fi","1017307"
"ca","1025135"
,"1027466"
,"1031791"
,"1036996"
,"1059797"
"au","1078185"
,"1080519"
"au","1083125"
"it","1084208"
,"1084793"
"us","1093294"
"jp","1098117"
"ua","1099822"
"se","1100704"
"ua","1117036"
"us","1124381"
"de","1186739"
"cn","1189471"
"dk","1195142"
,"1214622"
"us","1228020"
"us","1242075"
"no","1248826"
,"1261926"
"us","1270737"
"us","1303073"
"us","1328973"
"us","1344179"
,"1352199"
"us","1354419"
"ca","1366256"
"us","1367068"
,"1367228"
"us","1372746"
"us","1381021"
,"1382032"
,"1391701"
,"1397125"
"us","1397723"
,"1404659"
,"1412018"
"cn","1414836"
"us","1416473"
"gb","1432150"
"us","1434458"
,"1436875"
"de","1437288"
,"1438441"
"de","1449551"
"us","1453441"
"ca","1457727"
,"1471234"
"cn","1471568"
"us","1474764"
,"1486549"
,"1492346"
,"1500447"
,"1524373"
"us","1526024"
"fr","1528221"
"dk","1545229"
"us","1546988"
,"1600439"
,"1607018"
"us","1619676"
"us","1690743"
,"1698522"
"us","1713442"
,"1749436"
"us","1764042"
,"1778841"
"gb","1799111"
,"1819251"
"ir","1838125"
"de","1852141"
,"1886159"
"us","1890840"
"it","1891776"
"gb","1892389"
"au","1893164"
"de","1900934"
"us","1903462"
,"1904790"
"us","1916255"
"ch","1918558"
"us","1927874"
"de","1927881"
,"1949584"
"ca","1961397"
,"1964893"
"us","1965404"
,"1977847"
"gb","1989790"
"es","1991636"
"gb","2001763"
"us","2020393"
"ua","2051124"
"ca","2145058"
"us","2146436"
"us","2201979"
"us","2206890"
"de","2207463"
"be","2213273"
,"2229635"
"ch","2241376"
"nz","2244312"
"us","2244481"
,"2246039"
"it","2249262"
"fr","2250690"
"at","2252680"
"us","2255699"
"tw","2257096"
,"2257240"
"de","2266052"
"cz","2281243"
"cn","2281819"
,"2294498"
,"2312008"
,"2315431"
"gr","2337743"
"us","2340614"
"us","2345204"
"us","2363619"
"de","2363758"
"cn","2365356"
,"2372421"
,"2375290"
"us","2381629"
,"2381679"
"us","2389915"
"es","2404370"
"us","2409137"
"cl","2417208"
,"2421460"
,"2422498"
"de","2434520"
"se","2445228"
"us","2447212"
,"2467228"
"us","2476937"
,"2480777"
"tw","2513836"
,"2535892"
,"2572814"
"us","2601235"
"fr","2624458"
"cn","2660015"
"gb","2661903"
"us","2662867"
"cn","2702530"
"cn","2709309"
,"2719572"
"us","2728868"
,"2739871"
"us","2749609"
"gb","2752178"
"fr","2768008"
,"2771181"
,"2787691"
,"2796362"
,"2798946"
"fi","2801361"
,"2807863"
"gb","2814268"
"be","2835325"
"co","2847808"
,"2862294"
"gb","2862977"
"in","2873371"
"es","2874293"
"us","2875658"
"es","2886485"
"co","2889040"
"it","2909754"
"cn","2922319"
"cn","2922620"
"cn","2923558"
"us","2940997"
,"2945321"
"us","2978560"
"us","2987164"
"mx","3004769"
"au","3018979"
"us","3036595"
,"3036835"
"fr","3040840"
"us","3048906"
"cn","3063823"
,"3063870"
"cn","3067095"
,"3095960"
"az","3117680"
,"3119886"
,"3122758"
"fr","3136825"
"us","3163883"
,"3168742"
,"3173347"
"cn","3180895"
"es","3201792"
"fr","3205751"
"fi","3213902"
,"3224446"
"ar","3231556"
"ch","3236423"
,"3250844"
,"3276139"
"us","3283518"
"pt","3286419"
"ca","3287419"
,"3290625"
,"3296518"
,"3308302"
"us","3321949"
"us","3346024"
"it","3361740"
"us","3368849"
,"3370838"
"il","3389811"
"us","3407626"
"us","3413879"
"cn","3427780"
"de","3429645"
,"3434493"
,"3462816"
,"3465213"
"au","3487382"
,"3498338"
,"3499917"
"us","3513117"
"ru","3523460"
"au","3524332"
"us","3529137"
"id","3549651"
"ru","3582345"
"cn","3592410"
"by","3594572"
,"3600377"
,"3610783"
,"3631888"
,"3641172"
"us","3642978"
"us","3649472"
,"3659421"
"gb","3664437"
"us","3669790"
"de","3683487"
"us","3706501"
,"3708910"
"es","3714509"
"us","3716978"
"us","3752385"
,"3756185"
"us","3759006"
,"3769056"
"ru","3770464"
,"3807912"
"cn","3814424"
"cn","3827244"
"il","3863843"
"us","3872943"
"us","3874746"
,"3877884"
"cn","3893356"
"us","3905191"
,"3908715"
,"3943403"
"ar","3961217"
"us","3983276"
,"3992573"
"br","3997006"
"us","4003838"
,"4019026"
"it","4026408"
,"4030767"
"us","4035765"
,"4045632"
,"4052435"
"be","4058558"
,"4069483"
,"4092676"
"fr","4115240"
"cn","4120130"
,"4136027"
"in","4142580"
,"4160390"
,"4187118"
"us","4192518"
"de","4198417"
"fi","4255397"
"au","4291112"
"gb","4291254"
,"4326459"
,"4339243"
"cn","4342100"
,"4420524"
"se","4428725"
"jp","4467262"
,"4476638"
,"4477515"
"us","4484156"
,"4513783"
"us","4539094"
"ro","4540322"
"gb","4563307"
,"4563494"
"de","4569976"
"de","4583981"
"gb","4584491"
"nl","4588007"
"us","4605271"
"us","4607985"
"fr","4629745"
"us","4646758"
"us","4660569"
"jp","4663721"
,"4680920"
,"4682471"
"us","4695209"
,"4722740"
,"4731748"
"jp","4739172"
"cn","4753416"
,"4773093"
,"4775481"
"de","4776433"
,"4780077"
"in","4786655"
,"4809226"
,"4819374"
"pl","4877698"
"fr","4879481"
"gb","4882831"
"us","4894767"
,"4896516"
"cz","4899910"
"au","4903941"
,"4904730"
,"4911527"
"gb","4926223"
,"4929815"
"us","4933925"
,"4963729"
"us","4988377"
"gb","4992188"
"de","4993581"
"ca","5041761"
"it","5042362"
"us","5069439"
"za","5074778"
,"5078978"
,"5095078"
,"5103160"
"co","5120709"
"in","5140545"
,"5145060"
"gb","5146456"
"us","5152250"
"us","5195927"
,"5205541"
"cn","5216745"
,"5247954"
"jp","5304081"
"nl","5312058"
,"5322239"
"cn","5350409"
"cn","5368058"
"us","5371237"
"ar","5377260"
,"5379586"
"us","5384527"
,"5398997"
"us","5399390"
,"5411876"
,"5427047"
"de","5428457"
"ie","5430540"
"ch","5435325"
"us","5439720"
"us","5441485"
"us","5472160"
,"5481554"
"fi","5507363"
"us","5522468"
,"5534759"
,"5548430"
"hu","5552730"
"be","5555823"
,"5565375"
"be","5568720"
,"5573155"
"se","5593627"
,"5597614"
"fr","5598479"
"tw","5600557"
,"5602838"
"us","5604899"
"us","5617024"
"hr","5630665"
"in","5636078"
"us","5718353"
,"5731028"
,"5741726"
"gb","5778983"
,"5784154"
,"5798893"
,"5807266"
,"5812279"
,"5817753"
"us","5828347"
"us","5829099"
"us","5846748"
,"5927767"
"us","5942149"
"de","5944667"
,"5979563"
"de","5989485"
"br","6005713"
"cn","6013073"
,"6023112"
,"6065511"
,"6068879"
,"6085795"
"au","6087555"
"no","6095575"
"us","6096676"
,"6108651"
,"6126544"
"cn","6169171"
,"6172020"
,"6191402"
,"6196408"
"gb","6210932"
"us","6225214"
,"6236268"
,"6239513"
"us","6253776"
"cn","6278048"
,"6278863"
,"6280726"
,"6299920"
"sk","6307815"
"it","6312005"
"us","6318240"
"us","6328765"
"us","6399055"
,"6403871"
,"6404061"
"gb","6412773"
,"6441856"
,"6442229"
"us","6451691"
,"6457494"
,"6462793"
"gb","6476825"
,"6496393"
,"6498079"
,"6499244"
"cy","6505671"
"us","6533556"
,"6571469"
"vn","6587692"
,"6610198"
"us","6611850"
,"6653643"
"gb","6699074"
"ca","6704373"
,"6712024"
,"6744736"
,"6753616"
,"6800846"
,"6816151"
"cn","6843683"
"gb","6853230"
"br","6861499"
"nl","6882788"
"us","6916565"
"no","6962535"
,"6965555"
,"6965574"
,"6970257"
"us","6988298"
"us","6988998"
,"7001356"
"cn","7013556"
"ua","7019686"
,"7075652"
,"7089559"
,"7105340"
"us","7113913"
"us","7132386"
"us","7146853"
,"7147408"
,"7158417"
"us","7164842"
,"7170693"
,"7182205"
"us","7189065"
,"7190023"
"ca","7198962"
"au","7199692"
"gb","7212462"
"no","7215130"
"us","7222746"
,"7228519"
"cn","7240106"
"us","7249970"
,"7258997"
,"7259889"
"ca","7260288"
,"7266288"
,"7276482"
,"7294438"
"us","7304063"
,"7305150"
"us","7306369"
"us","7306673"
"br","7308213"
"fr","7326980"
"at","7344511"
,"7361572"
,"7383416"
,"7412153"
"us","7420900"
"eg","7432562"
,"7461031"
,"7489584"
"us","7504851"
"us","7537997"
"gb","7553911"
"gb","7556976"
"us","7570729"
"us","7607012"
"fr","7617634"
,"7623896"
,"7645899"
"us","7654253"
"us","7658667"
,"7666955"
"us","7722836"
"gb","7732133"
,"7738640"
,"7751311"
,"7753732"
"vn","7769665"
"se","7808122"
"us","7810452"
,"7811703"
,"7835118"
"ng","7846270"
"hu","7883108"
,"7883561"
,"7890973"
,"7924929"
,"7940296"
"gb","7952993"
"de","7980702"
,"7990763"
"bg","8012811"
,"8017772"
"de","8091268"
,"8117762"
"ru","8117944"
,"8125526"
"de","8137228"
"pl","8142691"
"us","8162617"
"us","8169424"
,"8170478"
"au","8194675"
,"8228397"
,"8270641"
,"8296041"
"ph","8313244"
"us","8339162"
"nz","8339915"
,"8346508"
,"8387817"
,"8390641"
"by","8404580"
"us","8405131"
"lk","8416517"
"cn","8427119"
,"8450572"
,"8475145"
"fr","8485455"
,"8515356"
"us","8532385"
,"8532554"
"cn","8566806"
,"8576259"
,"8596480"
"us","8634501"
,"8670482"
"us","8688328"
,"8732866"
"gb","8734343"
,"8742938"
"bd","8758294"
"it","8769923"
"nl","8772689"
"us","8776028"
,"8784767"
,"8789813"
"hu","8817056"
"us","8818018"
,"8837968"
"cn","8847632"
,"8854423"
"cl","8875437"
"at","8875464"
,"8905797"
,"8906917"
,"8913435"
,"8939716"
,"8944249"
,"8984199"
"us","9026379"
,"9041360"
,"9051214"
"do","9062615"
"us","9078570"
,"9095732"
"et","9121894"
"gb","9139436"
"jp","9152395"
,"9160279"
,"9232309"
"au","9240557"
"es","9245754"
"cn","9255018"
"br","9268752"
"us","9282939"
"jp","9343717"
,"9344074"
,"9346606"
"us","9352549"
"tw","9356105"
"nz","9358405"
,"9380376"
,"9382176"
"be","9392393"
,"9394397"
,"9400432"
,"9464549"
,"9468307"
,"9478333"
,"9504109"
"us","9511165"
,"9540082"
"at","9570005"
,"9589511"
"de","9597076"
"us","9599053"
"us","9600790"
"us","9626183"
"cn","9650960"
,"9658872"
"us","9659919"
,"9664486"
,"9677139"
,"9687174"
"ar","9701410"
,"9701695"
"us","9703605"
"co","9704915"
,"9706049"
"in","9709068"
"au","9709116"
,"9717218"
"cn","9726637"
"us","9727940"
"es","9745677"
"cz","9755937"
,"9777067"
"au","9814221"
,"9817959"
"cn","9843828"
"gb","9862004"
,"9865676"
,"9866862"
"de","9877090"
"gb","9893161"
,"9895007"
,"9906217"
"us","9908329"
"us","9912292"
"in","9930325"
,"9931815"
,"9961002"
"nl","9975034"
"gb","9982219"
"us","9983686"
"us","9995314"
"gb","10053600"
"ru","10060643"
,"10066441"
,"10084609"
,"10084678"
,"10123492"
,"10125352"
,"10128842"
"us","10138664"
,"10172252"
,"10172529"
"us","10188194"
,"10192555"
,"10196307"
"it","10199826"
"es","10233169"
,"10258995"
"jp","10260310"
"us","10260382"
,"10280298"
,"10281182"
,"10281816"
,"10282819"
,"10296656"
,"10301817"
,"10358518"
,"10377821"
,"10379711"
,"10388177"
"us","10396798"
,"10410843"
"tw","10412281"
"cn","10425716"
"fr","10432015"
"cn","10435441"
"tr","10435922"
"jp","10447564"
,"10451754"
"cn","10464490"
,"10473430"
,"10512042"
"gb","10520061"
,"10521722"
,"10526188"
,"10528918"
"in","10541844"
"us","10548198"
,"10555368"
"us","10574931"
,"10576004"
"au","10585250"
"us","10589306"
,"10631290"
,"10660095"
"nl","10732476"
"us","10733538"
,"10741429"
"gb","10752463"
"ph","10773454"
"nl","10777706"
,"10784470"
"us","10803994"
"us","10812016"
,"10814377"
"us","10815238"
"us","10817458"
"jp","10819648"
"de","10829089"
"gb","10829314"
"ca","10832091"
"ca","10832897"
,"10832960"
"us","10834528"
"us","10854850"
,"10859865"
,"10905378"
,"10910878"
"us","10936889"
"us","10947458"
"us","10953007"
"us","10955983"
"us","10956038"
"ca","10956567"
,"10963081"
"pl","10964976"
,"11001304"
,"11006951"
"pl","11026907"
,"11034513"
,"11061859"
,"11066875"
,"11072255"
"de","11080800"
,"11083412"
"ph","11095632"
,"11107988"
"us","11120703"
"fr","11127510"
"us","11132347"
,"11139593"
,"11144636"
"ua","11165808"
"ph","11173957"
"fr","11175147"
"us","11176827"
,"11182376"
,"11183490"
"de","11197300"
,"11212499"
"us","11227723"
"se","11228451"
"ar","11238565"
,"11265367"
"pl","11291526"
"ru","11297052"
"de","11318999"
,"11323491"
"br","11338993"
,"11348682"
,"11362536"
"be","11384611"
"us","11402707"
"au","11453235"
"ro","11467831"
"us","11473240"
,"11474560"
,"11494393"
"us","11512622"
"us","11537177"
,"11554847"
"us","11570176"
,"11581362"
"us","11588385"
"us","11605642"
,"11622535"
"fr","11625417"
"gr","11662013"
"de","11668604"
,"11680693"
"pl","11698195"
"es","11702237"
,"11704557"
,"11706023"
"gb","11707880"
"cn","11720517"
,"11733127"
,"11735060"
,"11737051"
"jp","11744765"
"cn","11746264"
"gb","11753236"
,"11761587"
"fr","11784159"
"ir","11785544"
,"11797084"
"jp","11802012"
,"11817714"
"us","11850935"
"us","11854803"
"us","11912097"
"us","11924541"
,"12059663"
,"12092942"
"us","12170217"
"us","12192051"
"cn","12197208"
,"12226983"
"us","12229395"
"gb","12260707"
"ca","12262320"
"cn","12274903"
,"12280393"
"cn","12308151"
"se","12313618"
"fr","12315617"
,"12316998"
,"12317433"
,"12326365"
"ca","12350238"
,"12398542"
"cn","12402890"
,"12449377"
"ar","12474524"
,"12488104"
,"12505449"
"us","12508484"
"us","12509066"
"pl","12516628"
"ru","12520304"
"us","12526520"
"ba","12582238"
"gb","12586102"
"gb","12589909"
,"12622087"
"us","12630000"
"jp","12653317"
,"12666384"
,"12670029"
"es","12682828"
"us","12682853"
,"12715530"
"hu","12719568"
,"12738012"
"dk","12740796"
"ca","12746037"
"ca","12749140"
,"12761803"
"ca","12798077"
,"12806676"
"us","12807650"
"us","12814859"
"ca","12821674"
"us","12861561"
"cn","12878383"
"us","12908987"
"us","12967267"
"au","12998527"
"cn","13061306"
,"13071706"
"bg","13082203"
"us","13095216"
,"13097260"
,"13126326"
"gb","13128433"
,"13155583"
,"13334964"
"us","13368782"
,"13393204"
"cn","13398866"
,"13403042"
,"13413696"
,"13415499"
,"13430369"
,"13454056"
,"13462180"
"us","13464028"
"us","13480659"
,"13481226"
,"13489032"
"us","13490952"
"us","13494877"
"br","13509074"
"us","13520780"
"pt","13523497"
,"13536812"
,"13537757"
"au","13539138"
,"13541961"
"cn","13544235"
"nl","13570263"
"se","13585659"
"at","13593152"
"us","13595364"
"de","13602488"
,"13603046"
,"13613053"
"de","13615253"
"cn","13621454"
,"13624635"
,"13635889"
,"13636329"
,"13636760"
,"13636819"
"es","13640327"
"fr","13642463"
"cn","13655055"
,"13664602"
,"13678610"
"cn","13679102"
"us","13680016"
"us","13685691"
"us","13714859"
"se","13719308"
"nl","13719548"
"fr","13735930"
"us","13737011"
"cz","13740270"
"us","13742311"
"us","13747237"
"de","13747894"
"gb","13759969"
,"13766624"
,"13778815"
"br","13808342"
,"13822802"
"cn","13837159"
"us","13865588"
,"13867933"
,"13964115"
"us","13978039"
,"14000694"
,"14027141"
,"14057734"
,"14101318"
"us","14116012"
,"14149638"
,"14179437"
,"14210902"
,"14215488"
,"14263163"
,"14286406"
,"14287549"
,"14310944"
,"14328878"
,"14429281"
,"14435272"
"de","14457963"
,"14466355"
,"14486832"
"fr","14505051"
"de","14515342"
"fr","14543063"
,"14545279"
"cn","14627410"
,"14666817"
,"14682420"
"tr","14698825"
,"14737226"
,"14756103"
,"14771481"
,"14773650"
"cn","14782669"
"us","14806250"
,"14846150"
,"14847736"
"us","14848865"
"us","14880605"
,"14897153"
,"14910241"
"us","14914675"
"in","14922006"
,"14957066"
"gb","14959628"
,"14989257"
,"14995115"
"de","15017277"
,"15022227"
,"15080529"
,"15082688"
,"15093986"
"ua","15125364"
,"15134766"
"ca","15195328"
,"15205203"
"us","15205847"
"at","15228302"
,"15239162"
"de","15246185"
,"15252261"
"ca","15285403"
,"15363005"
,"15384846"
,"15393494"
"in","15417633"
,"15426725"
"es","15471020"
,"15485606"
"jp","15500909"
"us","15509641"
"cn","15525750"
,"15531805"
,"15536213"
,"15536505"
"gb","15548976"
"bd","15563546"
"fr","15573016"
"us","15592045"
,"15612970"
,"15623292"
"us","15627284"
"us","15646653"
,"15669545"
"us","15676204"
,"15708243"
,"15708458"
"gb","15710174"
,"15718946"
"cn","15729314"
"ar","15743643"
"us","15753913"
,"15759579"
"at","15778405"
"us","15793721"
"cn","15794603"
,"15867274"
,"15915198"
,"15956179"
"us","15962985"
,"15998060"
"dk","16020916"
,"16030648"
,"16077481"
"hu","16116800"
"nl","16154948"
"us","16174927"
"us","16195282"
,"16219560"
,"16224803"
,"16230400"
,"16290623"
"us","16307010"
"us","16310355"
"us","16363717"
"nl","16409333"
,"16415741"
"us","16423884"
"de","16428381"
,"16534152"
"us","16550843"
"us","16569855"
,"16611808"
"us","16622735"
,"16638704"
"us","16640920"
"no","16647116"
"jp","16691009"
,"16717734"
"nl","16723951"
,"16730686"
,"16733587"
,"16741757"
"au","16754990"
"ru","16770502"
,"16782015"
,"16792291"
"us","16798228"
,"16834666"
"nl","16837900"
,"16846494"
,"16904075"
"us","16949824"
"no","16988042"
"cn","16988139"
"ru","17009322"
"us","17020688"
"au","17021738"
,"17036156"
"cn","17038695"
,"17059127"
"cn","17070556"
"us","17081302"
,"17134485"
,"17139019"
,"17143234"
,"17169141"
,"17193964"
,"17251459"
"cn","17273246"
,"17296591"
"fr","17322266"
,"17328893"
,"17332041"
,"17373284"
,"17392942"
"us","17466008"
,"17466721"
,"17472048"
"us","17479978"
"kr","17529102"
,"17532093"
,"17539972"
,"17593904"
"de","17629210"
,"17646483"
"us","17648544"
"cn","17664209"
"us","17708574"
,"17746668"
"de","17753126"
"in","17784660"
"us","17785086"
"tw","17830752"
"in","17840201"
,"17865733"
"us","17867788"
,"17879187"
,"17921081"
,"17922358"
"jp","17924077"
"au","17941398"
"fr","17964103"
,"17982139"
,"17982701"
"il","18006157"
"ca","18013712"
,"18022219"
"cn","18026805"
,"18028838"
"de","18029648"
,"18035907"
,"18046266"
,"18054793"
"us","18059452"
"us","18059812"
,"18097224"
"ru","18129978"
,"18199108"
,"18221297"
"jp","18236982"
"cn","18257960"
,"18258297"
"fr","18260477"
"us","18272904"
,"18290070"
"ua","18313948"
,"18355741"
,"18395213"
"it","18415473"
,"18418200"
,"18429672"
,"18461617"
"fr","18469788"
"us","18498547"
,"18507554"
,"18513548"
"us","18552022"
,"18623771"
,"18646362"
,"18655199"
"dk","18674058"
"in","18714651"
,"18719465"
,"18781956"
"us","18790667"
,"18810686"
"ru","18821370"
,"18822502"
"us","18847237"
,"18869596"
"sg","18903735"
"us","18904813"
,"18937463"
"gb","18993586"
"cn","19010386"
,"19018850"
"us","19047987"
"cn","19085523"
,"19099635"
,"19122404"
,"19147330"
,"19153219"
"us","19185130"
,"19314846"
,"19320997"
"de","19329970"
,"19379132"
,"19517346"
,"19525779"
,"19537063"
,"19552315"
,"19569279"
,"19581764"
"cn","19594347"
,"19600642"
"us","19612571"
"hu","19630614"
,"19637265"
"ru","19641501"
"ru","19644716"
,"19664730"
"cn","19685186"
,"19689982"
"br","19696936"
,"19710500"
,"19717550"
"de","19755185"
"bg","19755702"
,"19758699"
"us","19761685"
,"19790971"
,"19820804"
"cn","19823479"
,"19936916"
"cn","19943063"
,"20008478"
"fr","20029138"
"br","20029706"
,"20030610"
,"20064306"
"in","20104020"
"us","20138487"
"us","20163538"
,"20224741"
"cn","20226295"
,"20265215"
"de","20285835"
,"20311740"
,"20349010"
,"20378057"
"cn","20390809"
"cn","20398795"
,"20410311"
,"20425918"
,"20434473"
,"20435182"
"cn","20450716"
"cn","20450796"
"dk","20465270"
,"20508542"
,"20532547"
,"20532667"
,"20634755"
,"20637830"
"us","20647545"
,"20654502"
"jp","20660971"
,"20666664"
,"20680088"
,"20682630"
"us","20737229"
"us","20752407"
"us","20754312"
,"20769533"
,"20774253"
,"20835622"
,"20844574"
"jp","20873386"
,"20925694"
"us","20935792"
,"20955762"
"es","21034797"
,"21037532"
"us","21044484"
,"21058198"
,"21065369"
"us","21125630"
"se","21174695"
"cn","21187110"
,"21191867"
"us","21216818"
"us","21312489"
,"21341462"
,"21358389"
,"21378283"
,"21448026"
,"21582674"
"us","21584862"
"cn","21603107"
"br","21618029"
,"21629316"
"mx","21640858"
,"21667956"
"au","21681863"
,"21700832"
"cn","21719074"
,"21770593"
"ca","21784371"
"tw","21864762"
"jp","21908633"
"gb","21909651"
,"21921763"
,"21924858"
"cn","21963930"
"jp","21971963"
,"21974766"
,"21975229"
"cn","22036307"
,"22041659"
,"22042237"
"gb","22045114"
"ua","22046894"
"ca","22047350"
,"22050640"
,"22052042"
,"22053634"
,"22053762"
"us","22054830"
,"22056425"
,"22056630"
"us","22076087"
,"22076833"
"us","22077026"
"us","22084327"
,"22085827"
"ie","22095887"
"us","22105376"
"us","22110826"
"br","22116372"
"us","22123631"
,"22141768"
,"22167327"
"gb","22187814"
"us","22208853"
"tw","22211488"
"cn","22236354"
,"22278515"
,"22282240"
,"22331562"
,"22402010"
"us","22513118"
,"22822302"
,"22823126"
,"22833631"
"us","22946554"
,"22984128"
"us","23114966"
,"23115673"
"gb","23249012"
"us","23428045"
"gb","23458675"
"us","23465223"
"us","23471356"
"us","23537807"
"de","23600597"
"it","23620520"
,"23769369"
"es","23775197"
,"23918553"
"fr","23924596"
,"23961495"
,"23964055"
,"24094301"
,"24136448"
"ca","24177440"
"us","24240637"
"tr","24265177"
,"24272262"
,"24283325"
,"24349402"
,"24431405"
"in","24491126"
"ch","24495953"
"dk","24498221"
,"24540619"
,"24568290"
,"24618268"
,"24663283"
"cn","24729237"
,"24834266"
,"24899862"
"br","24900752"
"cn","24908811"
"cn","24919055"
,"24938003"
,"25004073"
"cn","25032410"
,"25037257"
"jp","25037627"
,"25040693"
"id","25045443"
"cn","25051824"
,"25070656"
"us","25076502"
,"25256022"
,"25256938"
"us","25395643"
,"25440413"
"us","25545538"
,"25650073"
"be","25672260"
"in","25830758"
,"25858715"
,"25944077"
,"25954906"
"us","25977484"
,"26091726"
"cn","26108120"
,"26112145"
,"26119533"
,"26276834"
"us","26341053"
,"26392840"
,"26459676"
,"26550795"
,"26588971"
,"26674333"
,"26753555"
,"26783304"
"us","26873823"
"us","26936537"
,"26961388"
"us","26965543"
,"26974218"
"cn","27051487"
,"27147563"
,"27232955"
"us","27299735"
"by","27306008"
"cn","27326987"
,"27345935"
"gb","27375757"
"us","27406305"
,"27406826"
,"27422150"
,"27428481"
,"27434109"
,"27469596"
"no","27496559"
"il","27499427"
,"27501293"
"de","27530962"
,"27533386"
"cn","27536536"
"es","27623476"
,"27633284"
,"27671937"
,"27676276"
,"27681681"
,"27740539"
"pl","27747720"
,"27751995"
"us","27777181"
,"27852169"
,"27859042"
"cu","27881432"
,"27955513"
"fi","27977354"
"us","27980298"
"us","28033868"
,"28085151"
"cn","28117425"
,"28119927"
,"28139204"
"de","28153902"
,"28169699"
,"28178404"
,"28205753"
,"28317607"
"us","28338390"
,"28357332"
"us","28376284"
,"28401052"
,"28405382"
"us","28459924"
,"28475997"
,"28486256"
,"28510906"
,"28552779"
"br","28581442"
,"28592646"
,"28625357"
"us","28690670"
,"28717286"
,"28754602"
,"28758106"
,"28851599"
,"28920533"
,"28923864"
"cn","28947710"
"fr","28952769"
"us","28992266"
,"29023113"
"ua","29116788"
