"`id`","`unix_timestamp(created_at)`"
"6","1290118620"
"231","1301537141"
"280","1342598244"
"334","1307465662"
"391","1289733449"
"392","1323288880"
"675","1265227694"
"735","1305151629"
"788","1302783158"
"799","1326798620"
"982","1274284452"
"1022","1327097967"
"1182","1326208928"
"1207","1278413725"
"1305","1342911368"
"1615","1342481959"
"1620","1224568226"
"1742","1249319500"
"1743","1286734252"
"1799","1312940886"
"1819","1315245204"
"1962","1323470322"
"1996","1246598224"
"2146","1232029086"
"2204","1329165171"
"2727","1273059620"
"2746","1321968367"
"2864","1306403052"
"3052","1315160928"
"3386","1339918851"
"3430","1341450835"
"3457","1334114910"
"3595","1323704169"
"3623","1282057018"
"3648","1319350566"
"3751","1278685408"
"3928","1339520426"
"4003","1247075898"
"4021","1271422232"
"4068","1238896475"
"4095","1265631656"
"4267","1301957114"
"4276","1318037103"
"4281","1332254013"
"4346","1332525779"
"4432","1341255452"
"4473","1242048018"
"4654","1343148181"
"4711","1315453194"
"4846","1280595286"
"4929","1321968011"
"5124","1297117158"
"5161","1327605107"
"5184","1233257037"
"5455","1288532107"
"5478","1318784957"
"5497","1301256433"
"5626","1281388640"
"5629","1307120494"
"5874","1277834613"
"6009","1251068019"
"6053","1340674466"
"6223","1340697135"
"6313","1238764814"
"6413","1298934602"
"6848","1322398955"
"6931","1300405105"
"6978","1305893886"
"7059","1328205252"
"7149","1337369054"
"7233","1223905600"
"7317","1283706700"
"7756","1339278327"
"7836","1240579500"
"7982","1206580503"
"8127","1298081832"
"8184","1247277954"
"8304","1242864609"
"8329","1255696512"
"8390","1268947942"
"8525","1293570703"
"8566","1278281596"
"8833","1238641291"
"8892","1308891188"
"9259","1255556860"
"9383","1280718401"
"9682","1286103052"
"9709","1335140001"
"9713","1317844935"
"9716","1278063943"
"9951","1314420400"
"10070","1266392631"
"10197","1322023003"
"10462","1315576562"
"10512","1328579711"
"10579","1255988636"
"10594","1271469616"
"10649","1325319227"
"10686","1341533903"
"10798","1288928652"
"10912","1334819475"
"11067","1343514539"
"11435","1286027618"
"11820","1305934462"
"11902","1284623240"
"12031","1200152812"
"12257","1245332780"
"12258","1253096112"
"12830","1251068384"
"12831","1286820851"
"12885","1280674860"
"13235","1334266410"
"13436","1307123086"
"13718","1237489351"
"13747","1315292245"
"13929","1260734358"
"14061","1237516206"
"14098","1341294146"
"14622","1330380413"
"14763","1317485502"
"14952","1287176750"
"15433","1337943421"
"15728","1251989862"
"15756","1321563679"
"15762","1312895531"
"16113","1285721540"
"16376","1328762659"
"16462","1193665036"
"16639","1240336477"
"16820","1233105199"
"16836","1286132892"
"17000","1251114582"
"17165","1312285649"
"17411","1294750219"
"17730","1276219717"
"17742","1271301437"
"17798","1237354008"
"18003","1340059765"
"18045","1313480796"
"18090","1282650700"
"18250","1337746267"
"18571","1331748665"
"18601","1338133054"
"18941","1306357550"
"19019","1292691060"
"19030","1311708516"
"19375","1284766134"
"19579","1330984283"
"19615","1279856325"
"19626","1292872438"
"19640","1328373552"
"19806","1321109805"
"19996","1261259969"
"20138","1335207015"
"20678","1286157976"
"21218","1333564629"
"21274","1312224708"
"21530","1292350872"
"21621","1283934526"
"22086","1319953770"
"22321","1313498597"
"22528","1207559891"
"22551","1311772933"
"22772","1341831835"
"23085","1286746693"
"23122","1310626179"
"23238","1236299614"
"23301","1304266724"
"23429","1262332000"
"23605","1330550216"
"23670","1307720910"
"23834","1257369557"
"23888","1273343512"
"24177","1251279819"
"24213","1340157874"
"24326","1257659857"
"24522","1334225976"
"24559","1246136091"
"24603","1240837791"
"24889","1223286226"
"24960","1319656871"
"25016","1319117901"
"25359","1320883561"
"25380","1270598144"
"25986","1303602363"
"26624","1240565484"
"26636","1282565151"
"26688","1291765728"
"27046","1315343637"
"27194","1321726325"
"28009","1310693274"
"28054","1274904726"
"28069","1203606205"
"28204","1334538734"
"28556","1332353372"
"28576","1299545344"
"29172","1273466181"
"29762","1285013996"
"29914","1235606031"
"29991","1336695781"
"30402","1249860623"
"30653","1303055223"
"30738","1277839578"
"30761","1314653941"
"31283","1331663059"
"31366","1322416103"
"32023","1216042472"
"32107","1326253002"
"32638","1255693029"
"33227","1300569855"
"33565","1224875614"
"33656","1276196970"
"34288","1328480032"
"35473","1331615041"
"36313","1261916551"
"36413","1250171251"
"36591","1337198280"
"36713","1262865050"
"37623","1334410380"
"37778","1323441302"
"38658","1343065457"
"38744","1319604120"
"39027","1276795259"
"39044","1295453611"
"39075","1236194205"
"40389","1233233369"
"41254","1343089116"
"41498","1203278403"
"41849","1326641685"
"42214","1316936774"
"42948","1299620246"
"43969","1340500294"
"45141","1274537496"
"45669","1308435556"
"45702","1305169979"
"47940","1344133235"
"48829","1301317049"
"48951","1252256520"
"49570","1259567237"
"50875","1287315677"
"53018","1331129488"
"53286","1286559935"
"54068","1327762999"
"54351","1271906258"
"54491","1331748705"
"54745","1317163650"
"54785","1286301401"
"55259","1343583005"
"56374","1235586309"
"58642","1337046798"
"58903","1329366271"
"59582","1338240292"
"59607","1306341603"
"59830","1294488043"
"61117","1339884607"
"62093","1298846129"
"64212","1297831831"
"64390","1339069531"
"64654","1333160204"
"65772","1266166831"
"69069","1298824085"
"70499","1321650842"
"74160","1307624905"
"78782","1319830783"
"79442","1337267259"
"81444","1340128985"
"82957","1314671294"
"84341","1319198905"
"85800","1254835088"
"87135","1271135672"
"87869","1335137781"
"88390","1227263649"
"90988","1316751352"
"91363","1261657963"
"94451","1296320705"
"96553","1332096375"
"96689","1286288714"
"96763","1344168154"
"98743","1285469897"
"99731","1294674681"
"100266","1335194603"
"102179","1307787908"
"104483","1329989474"
"106815","1332244894"
"106864","1332408438"
"107530","1342910874"
"110992","1233177184"
"112249","1314491127"
"112262","1315070523"
"112292","1333082224"
"113880","1298423591"
"114167","1262691476"
"114751","1336744138"
"116162","1343699836"
"118048","1287076775"
"118551","1298817401"
"119275","1315167136"
"119977","1319850268"
"120216","1304723946"
"120707","1309017167"
"122760","1336366108"
"123356","1340860871"
"124137","1320033256"
"124505","1321815955"
"126528","1271153836"
"126778","1235803972"
"131286","1325003444"
"134290","1335578380"
"136457","1338960250"
"137246","1269129632"
"141145","1286919378"
"141261","1268386925"
"142406","1327702788"
"146205","1314056788"
"149332","1344435952"
"150716","1295543496"
"153822","1312559629"
"154114","1300677636"
"156773","1321649279"
"158753","1297977149"
"159999","1336591713"
"164085","1227014642"
"166720","1264378987"
"167194","1302051475"
"167303","1283779417"
"167985","1278488872"
"169454","1284992809"
"169529","1328431590"
"176492","1330514356"
"176596","1205331245"
"180685","1306960729"
"181526","1283198801"
"182702","1336039305"
"185861","1319946180"
"189681","1329795133"
"198069","1344547775"
"201672","1321569204"
"204692","1329206307"
"205834","1323891953"
"206270","1297463734"
"207212","1337330084"
"209924","1265410175"
"214505","1306705481"
"214552","1303482797"
"216447","1309000839"
"219601","1346879980"
"220953","1314259654"
"222916","1290910363"
"223537","1278900911"
"224435","1258973134"
"231026","1344684500"
"233193","1343027377"
"238698","1338025458"
"242564","1328446472"
"243431","1341922717"
"244129","1327780553"
"244417","1301978148"
"246730","1301336052"
"255320","1235673322"
"260066","1273333943"
"262948","1314745436"
"263107","1338205270"
"267105","1322876044"
"267717","1308636988"
"276344","1243795771"
"280617","1333385852"
"284018","1287837919"
"284075","1337918952"
"285798","1296748460"
"303616","1333542925"
"306833","1336063619"
"306908","1288954859"
"307612","1343169611"
"309661","1331099261"
"311780","1317763938"
"313268","1339222106"
"319466","1336014235"
"321869","1363622373"
"323565","1273918324"
"326476","1317197340"
"328815","1298822909"
"335881","1275510309"
"337343","1217853905"
"338816","1268548616"
"343698","1344536543"
"344063","1293033510"
"348868","1280309744"
"357887","1333125519"
"362053","1320310574"
"362894","1325618295"
"363605","1296930503"
"366402","1345309450"
"374916","1312884804"
"383256","1338450250"
"386790","1341869102"
"410586","1339189482"
"414089","1252484597"
"419651","1333131143"
"422791","1314740729"
"427496","1335264853"
"427934","1345311545"
"440795","1262213550"
"445199","1391529987"
"450059","1338476950"
"450328","1335466819"
"454235","1332450860"
"455467","1341628983"
"460773","1330437051"
"497181","1315541300"
"499056","1282907242"
"519333","1322100899"
"543497","1339050364"
"546329","1296464615"
"569534","1311946014"
"572040","1339213628"
"576260","1344889123"
"579759","1231789225"
"601064","1316810878"
"603530","1308451010"
"615055","1324567132"
"640609","1336496399"
"643697","1346418218"
"651549","1346499244"
"652682","1312263717"
"673716","1336627531"
"677148","1318334305"
"683351","1323704169"
"686542","1303291648"
"696102","1243534401"
"705818","1330904464"
"718118","1334087491"
"719340","1257392053"
"723307","1340899544"
"724361","1324519874"
"726806","1239473465"
"738430","1347025843"
"742622","1347097950"
"743378","1347105981"
"748510","1334795655"
"750986","1347162233"
"771049","1277326718"
"772395","1347263992"
"773433","1321641589"
"784448","1281718291"
"788950","1298302343"
"804708","1347572993"
"811373","1261242798"
"811401","1364746381"
"812923","1347615540"
"839143","1284570701"
"843214","1347746249"
"856494","1228426213"
"870927","1335540737"
"911527","1348237915"
"927777","1338808454"
"979207","1324869264"
"1001578","1282867520"
"1008365","1347855558"
"1009716","1348961746"
"1011413","1283380098"
"1015480","1349023217"
"1017307","1349002061"
"1025135","1313527623"
"1027466","1349075322"
"1031791","1349145304"
"1036996","1258310303"
"1059797","1349452651"
"1078185","1330398723"
"1080519","1331752242"
"1083125","1320579016"
"1084208","1331131006"
"1084793","1331918419"
"1093294","1290648226"
"1098117","1332476766"
"1099822","1332542459"
"1100704","1219684456"
"1117036","1333219045"
"1124381","1327668169"
"1186739","1336325530"
"1189471","1336447362"
"1195142","1332018916"
"1214622","1285117584"
"1228020","1319920503"
"1242075","1272801460"
"1248826","1338474728"
"1261926","1336613109"
"1270737","1340210711"
"1303073","1272658354"
"1328973","1314211913"
"1344179","1350404100"
"1352199","1351186245"
"1354419","1352587350"
"1366256","1347383407"
"1367068","1350887343"
"1367228","1348765584"
"1372746","1281316992"
"1381021","1349852453"
"1382032","1351111288"
"1391701","1350940694"
"1397125","1297796532"
"1397723","1350845705"
"1404659","1352618224"
"1412018","1336013313"
"1414836","1352272064"
"1416473","1353025424"
"1432150","1330948922"
"1434458","1352999445"
"1436875","1352562276"
"1437288","1349889573"
"1438441","1322717966"
"1449551","1343063054"
"1453441","1352387169"
"1457727","1353026202"
"1471234","1349469777"
"1471568","1346656274"
"1474764","1352220626"
"1486549","1353118511"
"1492346","1351113682"
"1500447","1288740790"
"1524373","1309969854"
"1526024","1353946961"
"1528221","1353339691"
"1545229","1332803696"
"1546988","1354129727"
"1600439","1350280920"
"1607018","1305902098"
"1619676","1352414331"
"1690743","1354231880"
"1698522","1307051807"
"1713442","1347986533"
"1749436","1354465161"
"1764042","1353788775"
"1778841","1354676466"
"1799111","1320053609"
"1819251","1353539804"
"1838125","1354732448"
"1852141","1297963660"
"1886159","1356540556"
"1890840","1350839184"
"1891776","1354979909"
"1892389","1354567331"
"1893164","1355470631"
"1900934","1350499605"
"1903462","1350302348"
"1904790","1331864674"
"1916255","1355326125"
"1918558","1279177066"
"1927874","1356059726"
"1927881","1301062863"
"1949584","1353069425"
"1961397","1331317953"
"1964893","1350393289"
"1965404","1356631850"
"1977847","1357769043"
"1989790","1357829948"
"1991636","1355563614"
"2001763","1317183778"
"2020393","1355182809"
"2051124","1308144278"
"2145058","1326745323"
"2146436","1236886659"
"2201979","1325162200"
"2206890","1340047832"
"2207463","1319105952"
"2213273","1293549535"
"2229635","1291085297"
"2241376","1349388270"
"2244312","1354414194"
"2244481","1356145276"
"2246039","1291091323"
"2249262","1357561716"
"2250690","1324844104"
"2252680","1358067381"
"2255699","1342978580"
"2257096","1358066875"
"2257240","1358285688"
"2266052","1351169731"
"2281243","1352149763"
"2281819","1356519943"
"2294498","1290445250"
"2312008","1334517046"
"2315431","1357521630"
"2337743","1351761983"
"2340614","1351395521"
"2345204","1357932758"
"2363619","1359152914"
"2363758","1353752052"
"2365356","1359441824"
"2372421","1359290295"
"2375290","1312380514"
"2381629","1339544117"
"2381679","1316124187"
"2389915","1359388032"
"2404370","1356717719"
"2409137","1359422298"
"2417208","1356044353"
"2421460","1359639891"
"2422498","1335621374"
"2434520","1358868953"
"2445228","1353760847"
"2447212","1350090841"
"2467228","1359748750"
"2476937","1359917412"
"2480777","1358191729"
"2513836","1359995245"
"2535892","1302157921"
"2572814","1311829147"
"2601235","1360750179"
"2624458","1360866541"
"2660015","1357745707"
"2661903","1360852056"
"2662867","1331591683"
"2702530","1360285133"
"2709309","1361154930"
"2719572","1361436091"
"2728868","1361256900"
"2739871","1348587212"
"2749609","1361404920"
"2752178","1346268531"
"2768008","1360087495"
"2771181","1361439019"
"2787691","1361348143"
"2796362","1360348725"
"2798946","1360615528"
"2801361","1360657006"
"2807863","1361655498"
"2814268","1358710689"
"2835325","1361130032"
"2847808","1358537189"
"2862294","1361757963"
"2862977","1361892295"
"2873371","1361597538"
"2874293","1361615637"
"2875658","1360988539"
"2886485","1361796290"
"2889040","1345797099"
"2909754","1362034797"
"2922319","1320299932"
"2922620","1362104617"
"2923558","1361498794"
"2940997","1362197658"
"2945321","1342217486"
"2978560","1362460400"
"2987164","1362587485"
"3004769","1340656058"
"3018979","1362802800"
"3036595","1355709570"
"3036835","1362919159"
"3040840","1362965789"
"3048906","1358604730"
"3063823","1357649828"
"3063870","1363090905"
"3067095","1363102118"
"3095960","1363446402"
"3117680","1362169508"
"3119886","1363482246"
"3122758","1362522598"
"3136825","1363633836"
"3163883","1363915929"
"3168742","1342707676"
"3173347","1362474871"
"3180895","1363228066"
"3201792","1363634471"
"3205751","1363683455"
"3213902","1362504426"
"3224446","1364375129"
"3231556","1355980375"
"3236423","1363801876"
"3250844","1364189152"
"3276139","1364532698"
"3283518","1364486135"
"3286419","1365975568"
"3287419","1364841906"
"3290625","1366125822"
"3296518","1364844385"
"3308302","1365176102"
"3321949","1364141918"
"3346024","1365268974"
"3361740","1364903407"
"3368849","1365906448"
"3370838","1365945795"
"3389811","1364056297"
"3407626","1366317150"
"3413879","1366283515"
"3427780","1366429186"
"3429645","1365677444"
"3434493","1366291493"
"3462816","1365840551"
"3465213","1367157824"
"3487382","1367252075"
"3498338","1367303725"
"3499917","1365434324"
"3513117","1367368365"
"3523460","1366819104"
"3524332","1365465355"
"3529137","1365765445"
"3549651","1367552903"
"3582345","1358705522"
"3592410","1366376092"
"3594572","1367836651"
"3600377","1367860915"
"3610783","1366124992"
"3631888","1368015149"
"3641172","1368071139"
"3642978","1364952513"
"3649472","1318994920"
"3659421","1368171497"
"3664437","1368188261"
"3669790","1366588495"
"3683487","1368341759"
"3706501","1368193393"
"3708910","1365356185"
"3714509","1368525809"
"3716978","1358816258"
"3752385","1368755148"
"3756185","1368218329"
"3759006","1368756955"
"3769056","1368822640"
"3770464","1368840178"
"3807912","1369126816"
"3814424","1369201389"
"3827244","1369353223"
"3863843","1369640713"
"3872943","1369617539"
"3874746","1369703441"
"3877884","1369400204"
"3893356","1400435889"
"3905191","1369404954"
"3908715","1369872793"
"3943403","1370489123"
"3961217","1363972141"
"3983276","1370427954"
"3992573","1370553237"
"3997006","1370271789"
"4003838","1369099525"
"4019026","1369543624"
"4026408","1370847197"
"4030767","1370798358"
"4035765","1370057538"
"4045632","1370962393"
"4052435","1371006889"
"4058558","1371040422"
"4069483","1371034374"
"4092676","1371232095"
"4115240","1354385813"
"4120130","1371443511"
"4136027","1281393541"
"4142580","1371565782"
"4160390","1371565494"
"4187118","1371813341"
"4192518","1371839299"
"4198417","1371900235"
"4255397","1372246685"
"4291112","1372463745"
"4291254","1372562296"
"4326459","1372217766"
"4339243","1372851296"
"4342100","1372856632"
"4420524","1373506744"
"4428725","1373499269"
"4467262","1372769007"
"4476638","1373818505"
"4477515","1373635727"
"4484156","1373845473"
"4513783","1356304320"
"4539094","1371516845"
"4540322","1373477337"
"4563307","1373726589"
"4563494","1315380248"
"4569976","1373803604"
"4583981","1374405385"
"4584491","1372780133"
"4588007","1374253057"
"4605271","1374458367"
"4607985","1373701360"
"4629745","1369660196"
"4646758","1374431449"
"4660569","1374558074"
"4663721","1374543975"
"4680920","1374797997"
"4682471","1374803194"
"4695209","1373391516"
"4722740","1374873059"
"4731748","1375045793"
"4739172","1375088132"
"4753416","1375157266"
"4773093","1375287359"
"4775481","1375310230"
"4776433","1375237748"
"4780077","1355735805"
"4786655","1375273168"
"4809226","1375593614"
"4819374","1375382227"
"4877698","1376069081"
"4879481","1369210878"
"4882831","1375615868"
"4894767","1375970948"
"4896516","1376327146"
"4899910","1376459267"
"4903941","1376434243"
"4904730","1375363685"
"4911527","1376422659"
"4926223","1376153963"
"4929815","1376584283"
"4933925","1376586349"
"4963729","1374695946"
"4988377","1376652263"
"4992188","1376724474"
"4993581","1376207773"
"5041761","1376907444"
"5042362","1376908174"
"5069439","1377036056"
"5074778","1376482475"
"5078978","1377083275"
"5095078","1377156372"
"5103160","1377197072"
"5120709","1377280236"
"5140545","1377423168"
"5145060","1377451060"
"5146456","1377460813"
"5152250","1377499815"
"5195927","1377710696"
"5205541","1377098720"
"5216745","1377785380"
"5247954","1377907538"
"5304081","1378673217"
"5312058","1378741398"
"5322239","1378811140"
"5350409","1377805615"
"5368058","1377416042"
"5371237","1377968576"
"5377260","1379444627"
"5379586","1379352688"
"5384527","1379472830"
"5398997","1379578061"
"5399390","1379515709"
"5411876","1379304555"
"5427047","1379835128"
"5428457","1377805073"
"5430540","1379838926"
"5435325","1379916533"
"5439720","1379944784"
"5441485","1379957541"
"5472160","1369398416"
"5481554","1380270787"
"5507363","1378575597"
"5522468","1380594663"
"5534759","1380565685"
"5548430","1380736279"
"5552730","1380751462"
"5555823","1380119690"
"5565375","1380045531"
"5568720","1380214340"
"5573155","1381156743"
"5593627","1381087686"
"5597614","1380676464"
"5598479","1380670592"
"5600557","1293765403"
"5602838","1380835204"
"5604899","1378784734"
"5617024","1381278828"
"5630665","1381077713"
"5636078","1381077975"
"5718353","1333147768"
"5731028","1379692378"
"5741726","1388059574"
"5778983","1368420727"
"5784154","1380452281"
"5798893","1381814451"
"5807266","1360838643"
"5812279","1380741780"
"5817753","1380796505"
"5828347","1339015788"
"5829099","1380908192"
"5846748","1379103324"
"5927767","1381960794"
"5942149","1382125911"
"5944667","1382176296"
"5979563","1382282206"
"5989485","1382291836"
"6005713","1382437776"
"6013073","1382488964"
"6023112","1382537005"
"6065511","1370021978"
"6068879","1382702890"
"6085795","1382746546"
"6087555","1382844195"
"6095575","1377371977"
"6096676","1382873942"
"6108651","1382966267"
"6126544","1383047773"
"6169171","1383229651"
"6172020","1349280602"
"6191402","1383336843"
"6196408","1383366782"
"6210932","1383484314"
"6225214","1345137709"
"6236268","1383228109"
"6239513","1383611549"
"6253776","1383681222"
"6278048","1383771977"
"6278863","1383777259"
"6280726","1383786375"
"6299920","1383870469"
"6307815","1383899332"
"6312005","1383926199"
"6318240","1374105062"
"6328765","1365529658"
"6399055","1384359626"
"6403871","1375040796"
"6404061","1384370432"
"6412773","1315549158"
"6441856","1384544740"
"6442229","1301524465"
"6451691","1341778962"
"6457494","1383946051"
"6462793","1384688105"
"6476825","1384761917"
"6496393","1384606022"
"6498079","1384852641"
"6499244","1384857569"
"6505671","1384870296"
"6533556","1384995852"
"6571469","1385157273"
"6587692","1385269838"
"6610198","1385394323"
"6611850","1385399442"
"6653643","1361201635"
"6699074","1384164818"
"6704373","1385835851"
"6712024","1386214814"
"6744736","1386196583"
"6753616","1385776659"
"6800846","1386462003"
"6816151","1386796757"
"6843683","1386741590"
"6853230","1386058745"
"6861499","1386196484"
"6882788","1386252492"
"6916565","1386869386"
"6962535","1387193617"
"6965555","1387139173"
"6965574","1387139743"
"6970257","1387230606"
"6988298","1387303239"
"6988998","1386614625"
"7001356","1383423054"
"7013556","1387297047"
"7019686","1387485362"
"7075652","1387552257"
"7089559","1387871898"
"7105340","1387980312"
"7113913","1388049720"
"7132386","1388154449"
"7146853","1313282482"
"7147408","1384983184"
"7158417","1387917278"
"7164842","1388301480"
"7170693","1388410082"
"7182205","1388475910"
"7189065","1377637138"
"7190023","1386912704"
"7198962","1388577998"
"7199692","1388616245"
"7212462","1283062801"
"7215130","1332016098"
"7222746","1388688311"
"7228519","1359528114"
"7240106","1388931615"
"7249970","1388458244"
"7258997","1389120644"
"7259889","1389127507"
"7260288","1389093845"
"7266288","1360865226"
"7276482","1389255047"
"7294438","1389035115"
"7304063","1389204669"
"7305150","1389193864"
"7306369","1389110141"
"7306673","1387258227"
"7308213","1389356258"
"7326980","1389054543"
"7344511","1389255660"
"7361572","1389470019"
"7383416","1389619204"
"7412153","1389729915"
"7420900","1389767239"
"7432562","1389814613"
"7461031","1389934405"
"7489584","1390055799"
"7504851","1390171853"
"7537997","1390318349"
"7553911","1390370762"
"7556976","1390382677"
"7570729","1384426703"
"7607012","1387223235"
"7617634","1388815095"
"7623896","1390674694"
"7645899","1390750849"
"7654253","1389123942"
"7658667","1391013095"
"7666955","1329861087"
"7722836","1391282234"
"7732133","1391344600"
"7738640","1391374803"
"7751311","1292014190"
"7753732","1368557148"
"7769665","1391003353"
"7808122","1391734779"
"7810452","1299684676"
"7811703","1391720344"
"7835118","1391793318"
"7846270","1391767418"
"7883108","1391877068"
"7883561","1391934407"
"7890973","1391972933"
"7924929","1366058533"
"7940296","1392024813"
"7952993","1392667364"
"7980702","1390964728"
"7990763","1392619739"
"8012811","1392012787"
"8017772","1386174417"
"8091268","1392454263"
"8117762","1392824410"
"8117944","1392826505"
"8125526","1393036104"
"8137228","1392980299"
"8142691","1393012169"
"8162617","1393178035"
"8169424","1391029041"
"8170478","1393214051"
"8194675","1393305578"
"8228397","1393422190"
"8270641","1393567803"
"8296041","1393681201"
"8313244","1393775117"
"8339162","1393879900"
"8339915","1393743438"
"8346508","1393900765"
"8387817","1392940115"
"8390641","1394058337"
"8404580","1394109988"
"8405131","1391481982"
"8416517","1394186315"
"8427119","1394259866"
"8450572","1394460638"
"8475145","1394519618"
"8485455","1394399988"
"8515356","1394468117"
"8532385","1394632202"
"8532554","1393962503"
"8566806","1393223687"
"8576259","1394740562"
"8596480","1394909161"
"8634501","1387550866"
"8670482","1395148438"
"8688328","1395252467"
"8732866","1395411794"
"8734343","1392391372"
"8742938","1395447823"
"8758294","1395524194"
"8769923","1395178700"
"8772689","1395602478"
"8776028","1395237347"
"8784767","1395658417"
"8789813","1395673773"
"8817056","1395772876"
"8818018","1344483644"
"8837968","1395848990"
"8847632","1395836743"
"8854423","1395066462"
"8875437","1337977238"
"8875464","1395912737"
"8905797","1383096847"
"8906917","1396135520"
"8913435","1396126962"
"8939716","1396316285"
"8944249","1396422901"
"8984199","1396336533"
"9026379","1396656930"
"9041360","1396763051"
"9051214","1396808794"
"9062615","1396867396"
"9078570","1396916491"
"9095732","1396972127"
"9121894","1397063073"
"9139436","1397125970"
"9152395","1351549857"
"9160279","1397199565"
"9232309","1376255908"
"9240557","1397482305"
"9245754","1397642819"
"9255018","1397724522"
"9268752","1354626961"
"9282939","1293855600"
"9343717","1397986051"
"9344074","1288954339"
"9346606","1398334345"
"9352549","1398253527"
"9356105","1398384232"
"9358405","1398396768"
"9380376","1398465784"
"9382176","1396885774"
"9392393","1398358486"
"9394397","1329025239"
"9400432","1398503209"
"9464549","1396393704"
"9468307","1398419065"
"9478333","1398451122"
"9504109","1398448315"
"9511165","1398894055"
"9540082","1398859632"
"9570005","1399129560"
"9589511","1399235081"
"9597076","1398866352"
"9599053","1399261189"
"9600790","1398892445"
"9626183","1327079901"
"9650960","1399543718"
"9658872","1386816840"
"9659919","1360325575"
"9664486","1400002975"
"9677139","1400060230"
"9687174","1241505642"
"9701410","1399554945"
"9701695","1265039145"
"9703605","1400252240"
"9704915","1389681430"
"9706049","1399988338"
"9709068","1400160834"
"9709116","1400211024"
"9717218","1399623571"
"9726637","1400421929"
"9727940","1398961552"
"9745677","1400057676"
"9755937","1350544331"
"9777067","1399830366"
"9814221","1400631023"
"9817959","1400447937"
"9843828","1395383092"
"9862004","1268328183"
"9865676","1311879660"
"9866862","1400121325"
"9877090","1400335545"
"9893161","1400709252"
"9895007","1394152006"
"9906217","1295644109"
"9908329","1400514291"
"9912292","1401243702"
"9930325","1400816342"
"9931815","1400876177"
"9961002","1401013589"
"9975034","1401134134"
"9982219","1401190714"
"9983686","1401542327"
"9995314","1401269392"
"10053600","1401860898"
"10060643","1401974838"
"10066441","1402016700"
"10084609","1385644710"
"10084678","1328047147"
"10123492","1412135186"
"10125352","1401804284"
"10128842","1401872528"
"10138664","1402252312"
"10172252","1389815545"
"10172529","1326073762"
"10188194","1402194213"
"10192555","1402231332"
"10196307","1401194338"
"10199826","1402410961"
"10233169","1402517053"
"10258995","1402660452"
"10260310","1402666239"
"10260382","1402665796"
"10280298","1402478128"
"10281182","1402818061"
"10281816","1402823000"
"10282819","1402692934"
"10296656","1396282602"
"10301817","1376054684"
"10358518","1326678778"
"10377821","1236229695"
"10379711","1402027592"
"10388177","1403263073"
"10396798","1401995169"
"10410843","1403407345"
"10412281","1403418426"
"10425716","1403488393"
"10432015","1403418423"
"10435441","1403533215"
"10435922","1377774361"
"10447564","1403593121"
"10451754","1403362868"
"10464490","1403664535"
"10473430","1378472431"
"10512042","1403889638"
"10520061","1403957213"
"10521722","1249967125"
"10526188","1403991050"
"10528918","1404030169"
"10541844","1404120389"
"10548198","1396224677"
"10555368","1389270145"
"10574931","1404066291"
"10576004","1404235206"
"10585250","1404374322"
"10589306","1404393017"
"10631290","1298650525"
"10660095","1404775527"
"10732476","1404894512"
"10733538","1357934189"
"10741429","1404837877"
"10752463","1393081227"
"10773454","1402707997"
"10777706","1330689508"
"10784470","1358445090"
"10803994","1405205306"
"10812016","1381588970"
"10814377","1405280623"
"10815238","1398353316"
"10817458","1403717481"
"10819648","1405314609"
"10829089","1395183654"
"10829314","1313893082"
"10832091","1301332984"
"10832897","1298529366"
"10832960","1364576960"
"10834528","1405383319"
"10854850","1258427375"
"10859865","1384714530"
"10905378","1405727014"
"10910878","1405774253"
"10936889","1405940414"
"10947458","1405929362"
"10953007","1405432422"
"10955983","1403811555"
"10956038","1395322645"
"10956567","1405043010"
"10963081","1405473803"
"10964976","1406040584"
"11001304","1366555521"
"11006951","1406188277"
"11026907","1406128466"
"11034513","1405883257"
"11061859","1400483918"
"11066875","1406569199"
"11072255","1404649477"
"11080800","1406631412"
"11083412","1406642641"
"11095632","1406684037"
"11107988","1406576885"
"11120703","1406780514"
"11127510","1406797241"
"11132347","1406765609"
"11139593","1406854270"
"11144636","1406810064"
"11165808","1406996235"
"11173957","1407093965"
"11175147","1407101289"
"11176827","1406973192"
"11182376","1407100433"
"11183490","1407150925"
"11197300","1397472622"
"11212499","1407261818"
"11227723","1344546842"
"11228451","1404230730"
"11238565","1407374064"
"11265367","1403549070"
"11291526","1407435614"
"11297052","1407476584"
"11318999","1360001180"
"11323491","1378587865"
"11338993","1298255633"
"11348682","1407828255"
"11362536","1393484262"
"11384611","1407985403"
"11402707","1408066765"
"11453235","1408327422"
"11467831","1408380657"
"11473240","1408405434"
"11474560","1408413879"
"11494393","1271334363"
"11512622","1408305699"
"11537177","1408628319"
"11554847","1408742248"
"11570176","1408753022"
"11581362","1408854296"
"11588385","1408469887"
"11605642","1409587062"
"11622535","1345128990"
"11625417","1391248223"
"11662013","1376254550"
"11668604","1410205926"
"11680693","1408977107"
"11698195","1409735252"
"11702237","1409121525"
"11704557","1386266559"
"11706023","1350308062"
"11707880","1397798639"
"11720517","1409378052"
"11733127","1409122184"
"11735060","1409351709"
"11737051","1406740484"
"11744765","1409733357"
"11746264","1410068028"
"11753236","1346675708"
"11761587","1393319165"
"11784159","1410006587"
"11785544","1410075461"
"11797084","1410630226"
"11802012","1410193656"
"11817714","1375128891"
"11850935","1404323480"
"11854803","1356024389"
"11912097","1410735858"
"11924541","1319349318"
"12059663","1409372875"
"12092942","1411171000"
"12170217","1411582502"
"12192051","1402937156"
"12197208","1411441201"
"12226983","1337737382"
"12229395","1411661664"
"12260707","1410553442"
"12262320","1383189067"
"12274903","1410792321"
"12280393","1411304491"
"12308151","1394161831"
"12313618","1411474476"
"12315617","1411472610"
"12316998","1412150392"
"12317433","1411490783"
"12326365","1349203660"
"12350238","1411635175"
"12398542","1411924124"
"12402890","1412053444"
"12449377","1315244684"
"12474524","1370915752"
"12488104","1409209111"
"12505449","1412332874"
"12508484","1412615474"
"12509066","1411658843"
"12516628","1412971667"
"12520304","1380379461"
"12526520","1410038766"
"12582238","1412930824"
"12586102","1413023018"
"12589909","1412965567"
"12622087","1412846944"
"12630000","1413336956"
"12653317","1413450126"
"12666384","1408226343"
"12670029","1413512580"
"12682828","1413564443"
"12682853","1400606683"
"12715530","1379366852"
"12719568","1400605094"
"12738012","1413790028"
"12740796","1413124004"
"12746037","1294235599"
"12749140","1277247942"
"12761803","1413855004"
"12798077","1277772763"
"12806676","1412763875"
"12807650","1410205219"
"12814859","1310763399"
"12821674","1278956828"
"12861561","1414015525"
"12878383","1414231347"
"12908987","1224113434"
"12967267","1414512787"
"12998527","1414594617"
"13061306","1414660043"
"13071706","1414796555"
"13082203","1414935927"
"13095216","1398207094"
"13097260","1415003868"
"13126326","1415101700"
"13128433","1414753319"
"13155583","1415196319"
"13334964","1389913586"
"13368782","1416443596"
"13393204","1387386723"
"13398866","1385033143"
"13403042","1412963695"
"13413696","1415714566"
"13415499","1415585177"
"13430369","1417117533"
"13454056","1394935948"
"13462180","1416385738"
"13464028","1415217873"
"13480659","1415978909"
"13481226","1416958658"
"13489032","1355253460"
"13490952","1415832443"
"13494877","1412092258"
"13509074","1415325392"
"13520780","1404397003"
"13523497","1408374293"
"13536812","1294570569"
"13537757","1415410511"
"13539138","1416214269"
"13541961","1415726862"
"13544235","1416289007"
"13570263","1416342892"
"13585659","1416561699"
"13593152","1414000636"
"13595364","1416474498"
"13602488","1418306695"
"13603046","1417531491"
"13613053","1328826850"
"13615253","1417307616"
"13621454","1372748314"
"13624635","1418321185"
"13635889","1416776780"
"13636329","1418331739"
"13636760","1417862432"
"13636819","1416531465"
"13640327","1417462733"
"13642463","1415825311"
"13655055","1416992541"
"13664602","1417662278"
"13678610","1418372620"
"13679102","1417495434"
"13680016","1416990410"
"13685691","1417377319"
"13714859","1418409621"
"13719308","1415956904"
"13719548","1417687264"
"13735930","1417965353"
"13737011","1418170844"
"13740270","1417612988"
"13742311","1415982710"
"13747237","1417585261"
"13747894","1418167794"
"13759969","1417386716"
"13766624","1416099294"
"13778815","1416202197"
"13808342","1418485134"
"13822802","1416415818"
"13837159","1417335538"
"13865588","1415073388"
"13867933","1416658967"
"13964115","1417465775"
"13978039","1418591163"
"14000694","1338700332"
"14027141","1417892771"
"14057734","1418144130"
"14101318","1418686133"
"14116012","1418704108"
"14149638","1418774940"
"14179437","1418824594"
"14210902","1418872194"
"14215488","1415980307"
"14263163","1419294926"
"14286406","1419026093"
"14287549","1416378638"
"14310944","1419163020"
"14328878","1419157262"
"14429281","1419336121"
"14435272","1419348773"
"14457963","1302165421"
"14466355","1419409046"
"14486832","1419482388"
"14505051","1419560318"
"14515342","1281983938"
"14543063","1419711858"
"14545279","1355555467"
"14627410","1419988800"
"14666817","1420165366"
"14682420","1419288566"
"14698825","1406493384"
"14737226","1344129233"
"14756103","1420460588"
"14771481","1330882992"
"14773650","1420496343"
"14782669","1420518526"
"14806250","1420567032"
"14846150","1420654783"
"14847736","1420657913"
"14848865","1420660211"
"14880605","1420729434"
"14897153","1420763662"
"14910241","1420794737"
"14914675","1420805934"
"14922006","1420820309"
"14957066","1420923708"
"14959628","1420931884"
"14989257","1365886099"
"14995115","1390328530"
"15017277","1420635538"
"15022227","1420940343"
"15080529","1421099998"
"15082688","1421132559"
"15093986","1421153218"
"15125364","1421067775"
"15134766","1421201111"
"15195328","1421105736"
"15205203","1421536270"
"15205847","1421537754"
"15228302","1421604143"
"15239162","1417812862"
"15246185","1421648858"
"15252261","1421661441"
"15285403","1421720767"
"15363005","1421866045"
"15384846","1421886088"
"15393494","1421893350"
"15417633","1421930623"
"15426725","1421945595"
"15471020","1422033906"
"15485606","1422068053"
"15500909","1422112479"
"15509641","1422130643"
"15525750","1422179603"
"15531805","1422194688"
"15536213","1422203146"
"15536505","1406051953"
"15548976","1422227443"
"15563546","1422262356"
"15573016","1422282159"
"15592045","1422318211"
"15612970","1422362941"
"15623292","1309331716"
"15627284","1420655917"
"15646653","1422429869"
"15669545","1422472021"
"15676204","1422415142"
"15708243","1422550852"
"15708458","1422551285"
"15710174","1422375319"
"15718946","1422571931"
"15729314","1422596743"
"15743643","1422627602"
"15753913","1422647778"
"15759579","1422662230"
"15778405","1422722230"
"15793721","1422769773"
"15794603","1422772832"
"15867274","1422942143"
"15915198","1423032921"
"15956179","1423109620"
"15962985","1423124185"
"15998060","1423188356"
"16020916","1423235669"
"16030648","1356144815"
"16077481","1423391086"
"16116800","1423482409"
"16154948","1423553949"
"16174927","1423176390"
"16195282","1423631682"
"16219560","1423677982"
"16224803","1423687455"
"16230400","1423699758"
"16290623","1423819536"
"16307010","1423852209"
"16310355","1425516524"
"16363717","1424026150"
"16409333","1424129530"
"16415741","1424146046"
"16423884","1421896645"
"16428381","1424177237"
"16534152","1394007945"
"16550843","1424450033"
"16569855","1424473643"
"16611808","1424470764"
"16622735","1424570036"
"16638704","1424600795"
"16640920","1424513920"
"16647116","1412333986"
"16691009","1424712019"
"16717734","1424767421"
"16723951","1424779783"
"16730686","1415617480"
"16733587","1424801562"
"16741757","1420425436"
"16754990","1424826836"
"16770502","1398293008"
"16782015","1296267129"
"16792291","1424894072"
"16798228","1424907260"
"16834666","1424981249"
"16837900","1424990140"
"16846494","1425022332"
"16904075","1425141170"
"16949824","1425268605"
"16988042","1425342085"
"16988139","1395890277"
"17009322","1425385269"
"17020688","1425420147"
"17021738","1425424875"
"17036156","1425427652"
"17038695","1425466407"
"17059127","1425511313"
"17070556","1425605646"
"17081302","1425546092"
"17134485","1425643558"
"17139019","1425651156"
"17143234","1425658360"
"17169141","1425727495"
"17193964","1425791616"
"17251459","1425918257"
"17273246","1425961871"
"17296591","1359169259"
"17322266","1426030963"
"17328893","1420993201"
"17332041","1426044065"
"17373284","1426154924"
"17392942","1426148320"
"17466008","1426354498"
"17466721","1426395345"
"17472048","1426447942"
"17479978","1426459327"
"17529102","1426568539"
"17532093","1426411762"
"17539972","1426299035"
"17593904","1426578643"
"17629210","1426682447"
"17646483","1424561712"
"17648544","1426708763"
"17664209","1426730975"
"17708574","1426805817"
"17746668","1426874087"
"17753126","1426887012"
"17784660","1426967556"
"17785086","1398905106"
"17830752","1427074817"
"17840201","1427095649"
"17865733","1427139342"
"17867788","1427144169"
"17879187","1413691476"
"17921081","1427246283"
"17922358","1427248523"
"17924077","1427251806"
"17941398","1421238367"
"17964103","1427321187"
"17982139","1427358193"
"17982701","1427359136"
"18006157","1427396286"
"18013712","1427410499"
"18022219","1427430126"
"18026805","1427382985"
"18028838","1427443056"
"18029648","1427443340"
"18035907","1427452034"
"18046266","1427471790"
"18054793","1425228181"
"18059452","1427499956"
"18059812","1427501006"
"18097224","1427610472"
"18129978","1427703757"
"18199108","1427805732"
"18221297","1427846023"
"18236982","1427725160"
"18257960","1427949766"
"18258297","1427923813"
"18260477","1393233726"
"18272904","1420414177"
"18290070","1427958983"
"18313948","1428045281"
"18355741","1428142095"
"18395213","1428256624"
"18415473","1404066713"
"18418200","1428318200"
"18429672","1428336123"
"18461617","1428395481"
"18469788","1423479266"
"18498547","1428460710"
"18507554","1428476429"
"18513548","1428486341"
"18552022","1428555483"
"18623771","1428683181"
"18646362","1428740959"
"18655199","1382203249"
"18674058","1428811440"
"18714651","1428906422"
"18719465","1428915063"
"18781956","1427304147"
"18790667","1429037312"
"18810686","1374448548"
"18821370","1429096070"
"18822502","1429097828"
"18847237","1429141233"
"18869596","1429182859"
"18903735","1429246774"
"18904813","1365724056"
"18937463","1429308744"
"18993586","1429459703"
"19010386","1370225524"
"19018850","1429513303"
"19047987","1364906838"
"19085523","1429628222"
"19099635","1429653993"
"19122404","1424673649"
"19147330","1429736795"
"19153219","1429748933"
"19185130","1429580920"
"19314846","1430093105"
"19320997","1430013743"
"19329970","1430123377"
"19379132","1430212434"
"19517346","1430498109"
"19525779","1430519701"
"19537063","1430560804"
"19552315","1430602279"
"19569279","1430659980"
"19581764","1430847428"
"19594347","1430722291"
"19600642","1430734622"
"19612571","1347539193"
"19630614","1430787843"
"19637265","1430802052"
"19641501","1430808848"
"19644716","1430814398"
"19664730","1430844918"
"19685186","1430481971"
"19689982","1430895189"
"19696936","1430908569"
"19710500","1430350562"
"19717550","1430940417"
"19755185","1431009350"
"19755702","1431010206"
"19758699","1431015393"
"19761685","1431020586"
"19790971","1431068546"
"19820804","1431237155"
"19823479","1431250859"
"19936916","1431429352"
"19943063","1431504183"
"20008478","1431595571"
"20029138","1431624280"
"20029706","1431625475"
"20030610","1431627132"
"20064306","1431694775"
"20104020","1431793072"
"20138487","1431884621"
"20163538","1431938677"
"20224741","1432044124"
"20226295","1432020288"
"20265215","1432119984"
"20285835","1430162927"
"20311740","1432203746"
"20349010","1432276092"
"20378057","1432327798"
"20390809","1432365492"
"20398795","1432385248"
"20410311","1432412046"
"20425918","1432458793"
"20434473","1432477548"
"20435182","1432479086"
"20450716","1432514017"
"20450796","1432514242"
"20465270","1432545864"
"20508542","1432652558"
"20532547","1432583687"
"20532667","1432699382"
"20634755","1432867948"
"20637830","1432930363"
"20647545","1432833865"
"20654502","1432938860"
"20660971","1432967253"
"20666664","1386501279"
"20680088","1433013522"
"20682630","1396483608"
"20737229","1423147833"
"20752407","1433185447"
"20754312","1433189266"
"20769533","1433222055"
"20774253","1433229328"
"20835622","1435143210"
"20844574","1433350154"
"20873386","1433410501"
"20925694","1433509977"
"20935792","1433529590"
"20955762","1433587550"
"21034797","1433778319"
"21037532","1433782589"
"21044484","1433793882"
"21058198","1430333802"
"21065369","1398165565"
"21125630","1433957791"
"21174695","1434048915"
"21187110","1434075186"
"21191867","1434089176"
"21216818","1434135240"
"21312489","1434377325"
"21341462","1434433596"
"21358389","1434461600"
"21378283","1434500960"
"21448026","1434628173"
"21582674","1435085517"
"21584862","1434837369"
"21603107","1434908612"
"21618029","1433679846"
"21629316","1435151342"
"21640858","1435139400"
"21667956","1435214304"
"21681863","1435125723"
"21700832","1435183329"
"21719074","1435128023"
"21770593","1435084249"
"21784371","1435348356"
"21864762","1435572532"
"21908633","1435555148"
"21909651","1435647345"
"21921763","1435666131"
"21924858","1435225380"
"21963930","1435735372"
"21971963","1434932623"
"21974766","1435753597"
"21975229","1435754259"
"22036307","1435887174"
"22041659","1287350273"
"22042237","1434839397"
"22045114","1436906029"
"22046894","1436132029"
"22047350","1434001103"
"22050640","1432070429"
"22052042","1436073723"
"22053634","1436331960"
"22053762","1339979610"
"22054830","1405101698"
"22056425","1435650513"
"22056630","1417750277"
"22076087","1433420786"
"22076833","1438787991"
"22077026","1429580920"
"22084327","1436227496"
"22085827","1437461693"
"22095887","1439356274"
"22105376","1435163908"
"22110826","1435767962"
"22116372","1436741871"
"22123631","1437060898"
"22141768","1436443341"
"22167327","1436410072"
"22187814","1436636704"
"22208853","1436455943"
"22211488","1437318073"
"22236354","1436410148"
"22278515","1436576725"
"22282240","1437169007"
"22331562","1437286312"
"22402010","1436508518"
"22513118","1437521932"
"22822302","1437856204"
"22823126","1437857730"
"22833631","1438269186"
"22946554","1438353465"
"22984128","1437018905"
"23114966","1437195647"
"23115673","1437223054"
"23249012","1434320482"
"23428045","1438616872"
"23458675","1438720780"
"23465223","1438875453"
"23471356","1438368254"
"23537807","1438700250"
"23600597","1438942657"
"23620520","1439463637"
"23769369","1439450059"
"23775197","1439465669"
"23918553","1439291462"
"23924596","1437743058"
"23961495","1439273043"
"23964055","1439277844"
"24094301","1439212755"
"24136448","1439978692"
"24177440","1439720208"
"24240637","1394134601"
"24265177","1440184689"
"24272262","1424195274"
"24283325","1439749899"
"24349402","1439820008"
"24431405","1439847845"
"24491126","1439919363"
"24495953","1439924636"
"24498221","1439924486"
"24540619","1440407418"
"24568290","1440069951"
"24618268","1440155653"
"24663283","1440125906"
"24729237","1440338811"
"24834266","1440474167"
"24899862","1440519739"
"24900752","1440525273"
"24908811","1440571716"
"24919055","1440666897"
"24938003","1441462646"
"25004073","1440696909"
"25032410","1440715307"
"25037257","1440912789"
"25037627","1440741643"
"25040693","1440761206"
"25045443","1441235616"
"25051824","1440906684"
"25070656","1441016185"
"25076502","1440806004"
"25256022","1441237755"
"25256938","1441269073"
"25395643","1441618915"
"25440413","1441738117"
"25545538","1441905114"
"25650073","1442791132"
"25672260","1441023081"
"25830758","1442218266"
"25858715","1442619578"
"25944077","1442397762"
"25954906","1442244835"
"25977484","1442123057"
"26091726","1443390250"
"26108120","1443005236"
"26112145","1442885653"
"26119533","1442414285"
"26276834","1442538280"
"26341053","1442783765"
"26392840","1443491245"
"26459676","1442969087"
"26550795","1443853330"
"26588971","1443877566"
"26674333","1443353216"
"26753555","1443451853"
"26783304","1443905004"
"26873823","1443997633"
"26936537","1443641918"
"26961388","1443671429"
"26965543","1443374710"
"26974218","1443694361"
"27051487","1443832398"
"27147563","1444115422"
"27232955","1444196362"
"27299735","1443724587"
"27306008","1443507477"
"27326987","1444269353"
"27345935","1444292037"
"27375757","1444060542"
"27406305","1442400447"
"27406826","1444729876"
"27422150","1444735414"
"27428481","1444752467"
"27434109","1444835187"
"27469596","1444831045"
"27496559","1444932411"
"27499427","1444919372"
"27501293","1444940845"
"27530962","1444820797"
"27533386","1444661748"
"27536536","1444989565"
"27623476","1445198325"
"27633284","1445226620"
"27671937","1445305995"
"27676276","1438941533"
"27681681","1445328903"
"27740539","1445444084"
"27747720","1445412893"
"27751995","1445472424"
"27777181","1444709443"
"27852169","1445611047"
"27859042","1445618547"
"27881432","1445644870"
"27955513","1445724052"
"27977354","1445779048"
"27980298","1445785956"
"28033868","1445905176"
"28085151","1348473900"
"28117425","1446081181"
"28119927","1446087015"
"28139204","1446130240"
"28153902","1446159761"
"28169699","1446200566"
"28178404","1446217856"
"28205753","1396014964"
"28317607","1446476249"
"28338390","1423604727"
"28357332","1446646331"
"28376284","1422633186"
"28401052","1446725633"
"28405382","1446013603"
"28459924","1446819094"
"28475997","1446853268"
"28486256","1446889935"
"28510906","1446957484"
"28552779","1447056343"
"28581442","1447108241"
"28592646","1447131177"
"28625357","1447192948"
"28690670","1447179999"
"28717286","1447313209"
"28754602","1447392576"
"28758106","1447401124"
"28851599","1447663884"
"28920533","1447801632"
"28923864","1447809515"
"28947710","1447858770"
"28952769","1447868391"
"28992266","1446919678"
"29023113","1448021796"
"29116788","1448303812"
