"id","avg_followers"
"231","156.5556"
"280","38.1429"
"392","285.5667"
"788","33.6667"
"1182","230.8135"
"1207","252.4000"
"1615","44.4286"
"1799","96.3750"
"1962","132.8361"
"2146","120.1786"
"4021","64.2286"
"4068","131.2941"
"4095","94.1395"
"4267","38.9231"
"4432","321.6167"
"4654","103.1429"
"4711","633.0357"
"5124","53.2500"
"5874","303.0263"
"6053","158.7738"
"6223","261.0000"
"6313","1092.6623"
"6413","230.8135"
"6848","549.9794"
"7233","104.7778"
"7756","82.5849"
"8127","67.7647"
"8304","50.4809"
"8329","93.7500"
"8525","2157.8947"
"8892","11.0000"
"9259","549.9794"
"9709","313.5455"
"9951","416.7742"
"10070","671.7826"
"10579","93.7500"
"10798","1337.2500"
"10912","781.7143"
"12031","369.3661"
"12258","278.4828"
"13436","34.7500"
"13718","83.0678"
"15433","45.6364"
"15762","60.3913"
"16639","119.2549"
"17411","115.8333"
"18090","116.2400"
"18941","76.6667"
"19019","64.7708"
"19626","52.6667"
"21218","9.8235"
"21530","97.0250"
"21621","33.2500"
"22321","52.1250"
"22551","49.5000"
"22772","39.1538"
"23301","119.2549"
"23670","25.4000"
"24177","24.0909"
"24559","90.0667"
"24603","332.0545"
"25986","460.4667"
"26624","119.6667"
"26636","120.1786"
"26688","120.0000"
"27046","42.9286"
"28069","118.5556"
"29914","872.1429"
"30402","22.6154"
"30738","68.0000"
"32023","632.2000"
"33565","4.0000"
"36713","120.1786"
"37623","23.6667"
"38744","43.4000"
"39027","179.6250"
"45702","1.0000"
"54351","134.4167"
"58642","67.7500"
"59607","1343.2500"
"59830","159.0000"
"64212","64.7708"
"78782","152.5000"
"84341","3740.6667"
"90988","13.0000"
"96553","105.6410"
"99731","7.6667"
"113880","633.0357"
"114167","60.9111"
"114751","215.0000"
"118551","106.3654"
"120707","99.1000"
"124505","25.2605"
"149332","147.0625"
"158753","55.7500"
"159999","123.8333"
"164085","39.4375"
"167303","89.3000"
"167985","122.5000"
"169529","26.4167"
"181526","223.0769"
"206270","51.3182"
"244129","14.0000"
"244417","6.2000"
"246730","133.0000"
"262948","9.0000"
"267105","39.0667"
"267717","33.3750"
"284075","27.4483"
"285798","48.3929"
"319466","510.8571"
"321869","62.0833"
"343698","23.0000"
"357887","33.5556"
"374916","37.3158"
"383256","54.5000"
"427496","47.9000"
"519333","30.5000"
"569534","303.0263"
"572040","45.9667"
"576260","34.7419"
"615055","24.0000"
"683351","132.0500"
"686542","303.0263"
"696102","97.2857"
"718118","122.9821"
"723307","23.3333"
"726806","8.1429"
"811401","87.0000"
"1001578","68.0000"
"1008365","113.7273"
"1084208","30.8000"
"1270737","1014.7500"
"1344179","723.8095"
"1352199","147.5000"
"1366256","16.6842"
"1367068","26.0815"
"1367228","49.4000"
"1381021","87.6190"
"1397723","48.0000"
"1412018","27.0000"
"1438441","343.0000"
"1453441","12.0000"
"1471234","19.7241"
"1500447","3.7500"
"1524373","2.0000"
"1528221","25.2500"
"1546988","31.0000"
"1619676","230.8135"
"1690743","68.6000"
"1698522","143.5000"
"1838125","63.0000"
"1890840","97.0000"
"1903462","132.5600"
"1927881","16.4545"
"1961397","21.0000"
"1977847","33.0000"
"2244481","24.4000"
"2294498","97.3333"
"2535892","7.6471"
"2661903","63.8333"
"2662867","76.9464"
"2749609","21.1667"
"2796362","6.7647"
"2814268","54.5556"
"2835325","68.0000"
"2847808","110.3559"
"2922319","170.8111"
"2923558","170.8111"
"2945321","23.1667"
"3122758","105.6410"
"3136825","17.0000"
"3168742","20.2917"
"3250844","8.5000"
"3276139","969.6000"
"3434493","55.5000"
"3498338","64.0000"
"3642978","1446.6522"
"3649472","33.5556"
"3664437","39.0000"
"3706501","18.2222"
"3756185","7069.6667"
"3807912","9.5000"
"3905191","114.6023"
"4136027","41.0000"
"4428725","17.7273"
"4477515","99.1429"
"4513783","79.6761"
"4563494","110.7727"
"4584491","72.5000"
"4605271","300.2500"
"4882831","94.8889"
"4894767","633.0357"
"4911527","321.6167"
"4963729","18.2500"
"5095078","4.0000"
"5205541","28.8000"
"5565375","15.6667"
"5600557","49.2000"
"5630665","86.0000"
"5778983","13.5000"
"5807266","61.5000"
"5828347","44.0714"
"5846748","12.6667"
"6065511","97.0000"
"6172020","124.0000"
"6236268","23.6000"
"6239513","79.6667"
"6253776","171.2000"
"6412773","32.7451"
"6442229","233.5000"
"6498079","20.0000"
"6611850","29.3750"
"6653643","132.0000"
"6699074","49.7966"
"6704373","289.0000"
"6712024","857.0000"
"6816151","42.2500"
"6861499","120.5667"
"6965555","137.3158"
"6965574","137.3158"
"6970257","70.6522"
"6988998","106.3654"
"7019686","152.8000"
"7075652","4.6667"
"7113913","72.4286"
"7147408","3.0000"
"7158417","65.9683"
"7189065","205.6667"
"7190023","79.5000"
"7212462","42.6667"
"7228519","142.3750"
"7266288","99.0000"
"7306369","119.2549"
"7306673","44.4500"
"7489584","12.0000"
"7607012","24.6667"
"7617634","50.4545"
"7654253","24.6667"
"7722836","231.0000"
"7738640","92.0000"
"7751311","154.5000"
"7753732","133.6667"
"7810452","454.5526"
"7883561","781.7143"
"7940296","122.0000"
"8017772","274.8000"
"8125526","274.8000"
"8313244","13.2000"
"8387817","19.7241"
"8405131","1446.6522"
"8566806","48.2000"
"8576259","70.6522"
"8634501","633.0357"
"8688328","47.8358"
"8734343","21.0000"
"8818018","108.0549"
"8875464","12.2000"
"8939716","36.7500"
"9121894","1492.9091"
"9268752","115.6000"
"9282939","3622.0000"
"9382176","39.7143"
"9400432","45.2414"
"9478333","92.8485"
"9599053","113.5000"
"9626183","802.8810"
"9650960","1291.6000"
"9658872","90.3571"
"9706049","27.0000"
"9727940","108.0549"
"9755937","8.0833"
"9862004","55.9082"
"9865676","115.0000"
"9908329","27.2000"
"9961002","328.6000"
"10066441","1318.2222"
"10084609","44.0000"
"10084678","280.8235"
"10172529","8.0000"
"10196307","14.8000"
"10358518","17.0000"
"10377821","42.0000"
"10388177","155.2222"
"10396798","6.5217"
"10432015","13.0588"
"10435441","1291.6000"
"10520061","12.3333"
"10521722","129.0000"
"10548198","52.4390"
"10576004","321.6167"
"10589306","15.9167"
"10631290","1670.4545"
"10777706","97.0000"
"10784470","477.8732"
"10812016","8.0000"
"10815238","107.2329"
"10817458","21.3333"
"10832091","268.6667"
"10832897","268.6667"
"10832960","229.9048"
"10953007","108.0549"
"10955983","40.0000"
"10956038","40.0000"
"10964976","15.0000"
"11001304","224.2273"
"11061859","77.5000"
"11107988","849.5000"
"11139593","55.0000"
"11144636","390.2000"
"11165808","152.8000"
"11212499","368.8333"
"11227723","144.3333"
"11338993","123.0000"
"11362536","2011.0000"
"11474560","137.4000"
"11494393","51.5000"
"11622535","58.0513"
"11706023","75.5000"
"11707880","31.7500"
"11735060","3.0000"
"11737051","10.3889"
"11744765","72.3333"
"11753236","301.5926"
"11797084","660.5455"
"12092942","288.0000"
"12170217","107.2329"
"12226983","242.8000"
"12260707","9.0000"
"12326365","8.0000"
"12350238","11.5000"
"12666384","655.0000"
"12806676","4.8889"
"12814859","33.8000"
"12908987","1092.6623"
"13071706","48.0000"
"13095216","126.5000"
"13334964","14.5000"
"13393204","123.8000"
"13454056","3.5000"
"13489032","176.0000"
"13595364","11.5000"
"13613053","1510.2745"
"13636329","33.5000"
"13642463","17.8000"
"13664602","374.7826"
"13680016","136.0000"
"14000694","47.0000"
"14179437","46.0000"
"14286406","67.0000"
"14429281","25.0000"
"14457963","24.2500"
"14545279","1407.8000"
"14771481","40.0000"
"14847736","229.9048"
"15022227","26.7500"
"15384846","102.0000"
"15573016","45.8182"
"15623292","4.8750"
"15627284","106.3654"
"15676204","114.6023"
"15710174","70.3529"
"16030648","95.3333"
"16174927","27.2000"
"16230400","523.6667"
"16310355","400.3846"
"16423884","633.0357"
"16534152","157.5000"
"16647116","45.5000"
"16741757","26.0000"
"16792291","40.0000"
"17081302","20.8333"
"17193964","180.6667"
"17539972","11.0000"
"18054793","49.0000"
"18260477","5.0000"
"18469788","40.3333"
"18552022","160.0769"
"18655199","846.0000"
"18781956","173.0526"
"18810686","139.5000"
"18904813","802.8810"
"19010386","174.7500"
"19122404","41.1429"
"19185130","89.0000"
"19320997","1571.0000"
"19569279","106.6667"
"19685186","145.0000"
"20532547","290.0000"
"20647545","9.7143"
"20682630","3543.5000"
"20737229","23.0000"
"21058198","52.5714"
"21629316","129.0000"
"22041659","9.6667"
"22042237","62.0000"
"22053762","564.0000"
"22054830","46.0000"
"22056425","26.5000"
"22076087","14.5000"
"22077026","38.7500"
"22110826","40.2308"
"22946554","15.8000"
"23471356","64.6000"
"24136448","404.0000"
"24272262","66.0000"
"25977484","119.8000"
"27299735","52.0000"
"27406305","42.3750"
"27530962","23.5000"
"27676276","111.5000"
"28338390","122.9821"
"28376284","52.9375"
"28992266","114.6023"
"6","721"
"334","6239"
"391","48"
"675","1811"
"735","1811"
"799","1890"
"982","418"
"1022","271"
"1305","923"
"1620","456"
"1742","229"
"1743","79"
"1819","1036"
"1996","270"
"2204","280"
"2727","872"
"2746","149"
"2864","53"
"3052","75"
"3386","549"
"3430","461"
"3595","1150"
"3623","1134"
"3648","11"
"3751","51"
"3928","137"
"4003","392"
"4276","506"
"4281","62"
"4346","1828"
"4473","148"
"4846","7566"
"4929","1174"
"5161","246"
"5184","731"
"5455","459"
"5478","452"
"5497","516"
"5626","226"
"5629","161"
"6009","300"
"6931","57"
"6978","167"
"7059","256"
"7149","1406"
"7317","277"
"7836","483"
"7982","2970"
"8184","980"
"8390","441"
"8566","487"
"8833","152"
"9383","69"
"9682","3649"
"9713","2424"
"9716","99"
"10197","1477"
"10512","361"
"10594","28"
"10649","112"
"10686","41"
"11067","428"
"11435","247"
"11820","100"
"11902","6052"
"12257","93"
"12830","705"
"12831","655"
"12885","2046"
"13235","11704"
"13747","69"
"13929","7374"
"14061","500"
"14098","305"
"14622","1890"
"14763","17"
"14952","317"
"15728","112"
"15756","220"
"16113","120"
"16376","168"
"16462","21019"
"16820","1714"
"16836","47"
"17000","127"
"17165","2970"
"17730","124"
"17742","154"
"17798","952"
"18045","333"
"18250","59"
"18571","81"
"18601","164"
"19030","54"
"19375","80"
"19579","63"
"19640","289"
"19806","2011"
"19996","985"
"20138","1405"
"20678","46"
"21274","2970"
"22086","6909"
"22528","302"
"23085","2153"
"23122","2561"
"23238","2261"
"23429","124"
"23605","17709"
"23834","755"
"23888","2336"
"24213","135"
"24326","2834"
"24522","2443"
"24889","159"
"24960","60"
"25016","900"
"25359","688"
"25380","322"
"27194","125"
"28009","431"
"28054","69"
"28204","573"
"28556","155"
"28576","41"
"29172","1528"
"29762","71"
"29991","2363"
"30653","56"
"30761","10"
"31283","404"
"31366","1847"
"32107","293"
"32638","19"
"33227","1811"
"33656","70"
"34288","8514"
"35473","57"
"36313","89"
"36413","860"
"36591","150"
"37778","21"
"38658","159"
"39044","31"
"39075","76"
"40389","2114"
"41254","100"
"41498","601"
"41849","57"
"42214","59"
"42948","31"
"43969","86"
"45141","14"
"45669","483"
"47940","56"
"48829","104"
"48951","38"
"49570","200"
"50875","6130"
"53018","77"
"53286","36"
"54068","1100"
"54491","483"
"54745","2"
"54785","14"
"55259","592"
"56374","474"
"58903","123"
"59582","1"
"61117","98"
"62093","872"
"64390","1118"
"64654","68"
"65772","250"
"69069","38"
"70499","83"
"74160","85"
"79442","16"
"81444","10"
"82957","13"
"85800","23"
"87135","103"
"87869","497"
"88390","159"
"91363","27"
"94451","35"
"96689","128"
"96763","44"
"98743","46"
"100266","79"
"102179","257"
"104483","342"
"106815","120"
"106864","794"
"107530","451"
"110992","15"
"112249","428"
"112262","13"
"112292","70"
"116162","62"
"118048","35"
"119275","40"
"119977","59"
"120216","35"
"122760","15704"
"123356","6"
"124137","590"
"126528","22"
"126778","9"
"131286","16"
"134290","132"
"136457","5"
"137246","616"
"141145","431"
"141261","111"
"142406","6"
"146205","1084"
"150716","312"
"153822","24"
"154114","4312"
"156773","3225"
"166720","2"
"167194","4312"
"169454","15"
"176492","1967"
"176596","152"
"180685","345"
"182702","100"
"185861","724"
"189681","10"
"198069","17"
"201672","114"
"204692","642"
"205834","8"
"207212","74"
"209924","7374"
"214505","34"
"214552","8"
"216447","795"
"219601","495"
"220953","235"
"222916","118"
"223537","352"
"224435","25"
"231026","46"
"233193","4"
"238698","132"
"242564","50"
"243431","387"
"255320","156"
"260066","25"
"263107","21"
"276344","14"
"280617","149"
"284018","143"
"303616","44"
"306833","37"
"306908","32"
"307612","5"
"309661","128"
"311780","12"
"313268","89"
"323565","2153"
"326476","5"
"328815","264"
"335881","10"
"337343","77"
"338816","41"
"344063","126"
"348868","27"
"362053","77"
"362894","121"
"366402","1150"
"386790","13"
"410586","5"
"414089","530"
"419651","344"
"422791","61"
"427934","5"
"440795","143"
"445199","2561"
"450059","299"
"450328","177"
"454235","9"
"455467","41"
"460773","44"
"497181","1250"
"499056","16"
"543497","433"
"546329","40"
"579759","8"
"601064","248"
"603530","89"
"640609","32"
"643697","247"
"651549","1770"
"652682","175"
"673716","43"
"705818","57"
"719340","72"
"724361","185"
"738430","544"
"742622","204"
"743378","743"
"748510","2"
"750986","24"
"771049","63"
"772395","1996"
"773433","34"
"784448","20"
"788950","149"
"804708","30"
"811373","38"
"812923","563"
"839143","7"
"843214","29"
"856494","26"
"870927","4"
"911527","55"
"927777","381"
"979207","89"
"1009716","7"
"1011413","46"
"1015480","758"
"1017307","215"
"1025135","22"
"1027466","248"
"1031791","399"
"1036996","14"
"1059797","25"
"1078185","8"
"1083125","481"
"1084793","7"
"1093294","17"
"1098117","40"
"1099822","100"
"1100704","330"
"1117036","543"
"1124381","14"
"1186739","1"
"1189471","3"
"1195142","1655"
"1214622","79"
"1228020","16"
"1242075","172"
"1248826","1"
"1261926","10"
"1303073","69"
"1328973","554"
"1354419","468"
"1372746","74"
"1382032","8"
"1391701","9"
"1397125","22"
"1404659","1722"
"1414836","100"
"1416473","10917"
"1432150","1070"
"1434458","262"
"1436875","14"
"1437288","68"
"1449551","15"
"1457727","163"
"1471568","219"
"1474764","391"
"1486549","51"
"1545229","1655"
"1600439","5"
"1713442","283"
"1749436","534"
"1764042","117"
"1799111","16"
"1819251","2"
"1852141","640"
"1891776","307"
"1892389","21"
"1893164","383"
"1900934","85"
"1904790","4"
"1916255","31"
"1918558","10"
"1927874","292"
"1964893","42"
"1965404","223"
"1989790","398"
"1991636","158"
"2001763","9"
"2020393","12"
"2051124","15"
"2145058","8"
"2146436","77"
"2201979","25"
"2206890","54"
"2207463","38"
"2213273","41"
"2229635","20"
"2241376","77"
"2244312","1556"
"2246039","3"
"2249262","1"
"2250690","176"
"2252680","97"
"2255699","4"
"2257096","29"
"2257240","5"
"2266052","56"
"2281243","20"
"2281819","280"
"2312008","7"
"2315431","8"
"2337743","8"
"2340614","2"
"2345204","99"
"2363619","167"
"2365356","23"
"2372421","10"
"2375290","1"
"2381629","320"
"2381679","6"
"2389915","105"
"2404370","161"
"2409137","10"
"2417208","9"
"2421460","13"
"2422498","8"
"2434520","7"
"2445228","5"
"2447212","598"
"2476937","2378"
"2480777","165"
"2513836","250"
"2572814","4"
"2601235","189"
"2660015","305"
"2702530","200"
"2709309","1030"
"2719572","32"
"2728868","5943"
"2739871","22"
"2752178","57"
"2768008","17"
"2787691","38"
"2798946","1"
"2801361","36"
"2807863","166"
"2862294","4"
"2862977","121"
"2873371","9"
"2874293","20"
"2875658","25"
"2886485","1"
"2889040","64"
"2909754","21"
"2922620","75"
"2940997","7374"
"2978560","102"
"2987164","27"
"3004769","2"
"3018979","14"
"3036595","825"
"3036835","3"
"3040840","22"
"3048906","24"
"3063823","1251"
"3067095","805"
"3095960","1"
"3163883","1"
"3173347","12"
"3180895","20"
"3201792","47"
"3205751","9"
"3213902","480"
"3224446","66"
"3231556","4"
"3236423","96"
"3283518","167"
"3286419","24"
"3287419","6"
"3290625","12"
"3296518","47"
"3321949","2027"
"3346024","76"
"3361740","85"
"3368849","121"
"3370838","45"
"3389811","8"
"3407626","4"
"3413879","22"
"3427780","313"
"3429645","18"
"3462816","23"
"3465213","18"
"3487382","2"
"3499917","4417"
"3513117","589"
"3523460","82"
"3524332","205"
"3529137","176"
"3549651","17"
"3582345","9"
"3592410","25"
"3594572","14"
"3610783","86"
"3631888","6"
"3641172","19"
"3659421","448"
"3669790","4"
"3683487","87"
"3708910","6"
"3714509","26"
"3716978","170"
"3752385","28"
"3759006","59"
"3769056","11704"
"3770464","7"
"3814424","140"
"3827244","9"
"3863843","92"
"3872943","141"
"3874746","65"
"3877884","100"
"3893356","210"
"3908715","23"
"3961217","45"
"3983276","11"
"3992573","198"
"3997006","22"
"4019026","33"
"4026408","16"
"4035765","361"
"4045632","159"
"4058558","96"
"4069483","147"
"4115240","89"
"4120130","1059"
"4142580","40"
"4160390","20"
"4192518","6"
"4198417","340"
"4255397","269"
"4291112","586"
"4291254","1"
"4326459","8"
"4339243","11"
"4342100","1667"
"4467262","106"
"4476638","1"
"4484156","520"
"4539094","1018"
"4540322","40"
"4563307","191"
"4569976","4"
"4583981","3"
"4588007","38"
"4607985","30"
"4629745","979"
"4646758","990"
"4660569","108"
"4663721","15"
"4680920","1"
"4682471","10"
"4695209","7"
"4722740","6"
"4739172","3"
"4753416","13"
"4773093","144"
"4776433","696"
"4780077","700"
"4786655","18"
"4809226","3"
"4819374","152"
"4877698","243"
"4879481","544"
"4899910","12"
"4903941","49"
"4904730","660"
"4926223","1750"
"4929815","1"
"4933925","4099"
"4988377","327"
"4992188","27"
"4993581","79"
"5041761","7"
"5042362","9"
"5069439","15"
"5074778","18"
"5078978","3"
"5120709","96"
"5140545","226"
"5145060","541"
"5146456","2891"
"5152250","1996"
"5195927","4099"
"5216745","3708"
"5312058","120"
"5322239","1"
"5350409","1"
"5368058","21"
"5371237","14"
"5377260","1"
"5379586","289"
"5384527","50"
"5398997","2"
"5399390","1460"
"5411876","77"
"5427047","24"
"5428457","188"
"5430540","60"
"5435325","149"
"5439720","1"
"5472160","3479"
"5507363","517"
"5522468","141"
"5534759","1"
"5552730","29"
"5555823","16"
"5568720","12"
"5573155","1"
"5593627","118"
"5597614","10"
"5598479","230"
"5602838","79"
"5604899","162"
"5617024","1238"
"5636078","310"
"5718353","44"
"5731028","1"
"5741726","60"
"5784154","21"
"5798893","1"
"5812279","4"
"5817753","130"
"5829099","26"
"5927767","31"
"5942149","25"
"5944667","17"
"5979563","9"
"5989485","4"
"6005713","30"
"6013073","41"
"6068879","461"
"6085795","61"
"6087555","19"
"6095575","2"
"6096676","3359"
"6169171","59"
"6191402","19"
"6196408","320"
"6210932","36"
"6278048","1196"
"6278863","18"
"6280726","27"
"6299920","51"
"6307815","159"
"6312005","566"
"6318240","3184"
"6328765","883"
"6399055","82"
"6404061","153"
"6441856","307"
"6451691","92"
"6457494","4"
"6462793","2081"
"6476825","20"
"6496393","93"
"6499244","14"
"6505671","3"
"6533556","4"
"6571469","1"
"6587692","37"
"6753616","5"
"6800846","16"
"6843683","4"
"6853230","4"
"6882788","12"
"6916565","30"
"6962535","10"
"6988298","122"
"7013556","307"
"7089559","2"
"7105340","345"
"7132386","158"
"7146853","22"
"7164842","104"
"7170693","165"
"7182205","3"
"7198962","26"
"7199692","5"
"7215130","67"
"7222746","72"
"7240106","5433"
"7249970","529"
"7258997","2"
"7259889","8"
"7260288","420"
"7294438","184"
"7304063","784"
"7305150","32"
"7308213","181"
"7326980","94"
"7344511","2"
"7361572","8514"
"7383416","11704"
"7412153","2"
"7420900","106"
"7432562","126"
"7504851","561"
"7537997","2545"
"7553911","2"
"7556976","365"
"7570729","15704"
"7645899","6"
"7658667","5"
"7769665","44"
"7808122","9"
"7811703","8514"
"7835118","8514"
"7883108","27"
"7890973","5"
"7924929","92"
"7952993","225"
"7980702","92"
"7990763","34"
"8012811","420"
"8091268","129"
"8117762","408"
"8117944","2"
"8137228","35"
"8142691","54"
"8162617","31"
"8169424","34"
"8170478","3"
"8194675","3"
"8228397","23"
"8270641","4"
"8296041","5"
"8339162","10326"
"8339915","35"
"8346508","3"
"8390641","1"
"8404580","10"
"8416517","1"
"8427119","442"
"8450572","11"
"8475145","5"
"8485455","13"
"8515356","29"
"8532385","236"
"8596480","5"
"8732866","5"
"8742938","2"
"8758294","5"
"8769923","12"
"8772689","16"
"8776028","199"
"8784767","1473"
"8789813","1"
"8817056","2"
"8847632","1"
"8854423","6"
"8875437","375"
"8906917","432"
"8913435","26"
"8984199","2"
"9026379","27"
"9051214","348"
"9062615","30"
"9139436","23"
"9152395","143"
"9160279","15"
"9232309","260"
"9240557","18"
"9245754","5"
"9255018","19"
"9343717","114"
"9352549","14"
"9356105","49"
"9358405","4"
"9380376","4"
"9392393","53"
"9394397","22"
"9464549","1"
"9468307","8"
"9504109","48"
"9511165","158"
"9540082","215"
"9570005","2561"
"9597076","18"
"9600790","8"
"9659919","6"
"9701695","3"
"9703605","20"
"9704915","93"
"9709068","39"
"9709116","44"
"9717218","38"
"9726637","839"
"9745677","11"
"9777067","7"
"9814221","1"
"9817959","18"
"9843828","6"
"9893161","6"
"9895007","44"
"9912292","1"
"9930325","282"
"9975034","1"
"9982219","22"
"9983686","179"
"9995314","36"
"10053600","41"
"10123492","1"
"10125352","85"
"10138664","330"
"10172252","4"
"10188194","163"
"10192555","5"
"10199826","4"
"10233169","698"
"10258995","148"
"10260310","4"
"10260382","1"
"10282819","35"
"10296656","1"
"10410843","15"
"10412281","330"
"10425716","6600"
"10435922","101"
"10447564","47"
"10451754","1036"
"10464490","1667"
"10526188","549"
"10541844","2"
"10585250","50"
"10660095","3"
"10732476","8"
"10733538","13"
"10741429","1"
"10752463","17"
"10773454","50"
"10803994","6"
"10814377","32"
"10819648","453"
"10834528","79"
"10854850","2397"
"10859865","9"
"10910878","210"
"10936889","38"
"10947458","520"
"10956567","6"
"10963081","42"
"11026907","1"
"11066875","44"
"11072255","84"
"11080800","76"
"11095632","2011"
"11120703","107"
"11127510","2"
"11132347","46"
"11173957","27"
"11175147","8"
"11176827","364"
"11182376","230"
"11183490","16"
"11197300","7"
"11228451","124"
"11238565","390"
"11265367","78"
"11291526","87"
"11297052","1"
"11318999","13"
"11323491","110"
"11384611","16"
"11402707","66"
"11453235","238"
"11467831","55"
"11473240","251"
"11512622","201"
"11554847","10"
"11570176","31"
"11588385","82"
"11605642","399"
"11625417","41"
"11662013","17"
"11668604","19"
"11680693","4"
"11698195","1"
"11702237","166"
"11720517","1643"
"11733127","19"
"11746264","1401"
"11761587","293"
"11784159","129"
"11785544","61"
"11802012","1330"
"11850935","125"
"11912097","479"
"11924541","343"
"12192051","1134"
"12197208","45"
"12229395","50"
"12262320","15"
"12274903","158"
"12280393","2"
"12308151","327"
"12313618","50"
"12315617","121"
"12316998","128"
"12317433","2"
"12474524","58"
"12508484","12"
"12509066","431"
"12516628","24"
"12520304","32"
"12526520","8"
"12582238","28"
"12586102","247"
"12589909","16"
"12630000","6"
"12653317","41"
"12670029","684"
"12682828","698"
"12682853","144"
"12719568","278"
"12740796","171"
"12746037","16582"
"12749140","16582"
"12761803","41"
"12798077","16582"
"12807650","9"
"12821674","16582"
"12861561","12"
"12878383","110"
"12967267","1631"
"12998527","2"
"13061306","765"
"13082203","2"
"13097260","156"
"13126326","2"
"13128433","17709"
"13368782","52"
"13398866","19"
"13413696","15"
"13430369","2"
"13480659","590"
"13481226","898"
"13490952","756"
"13509074","12"
"13520780","448"
"13523497","50"
"13536812","16"
"13537757","1"
"13539138","12"
"13541961","3"
"13544235","280"
"13570263","62"
"13585659","13"
"13593152","857"
"13602488","37"
"13615253","15"
"13621454","1"
"13635889","35"
"13636760","14"
"13636819","256"
"13640327","114"
"13655055","2"
"13679102","926"
"13685691","446"
"13714859","1"
"13719308","5"
"13719548","4"
"13735930","96"
"13737011","424"
"13740270","3"
"13747237","3"
"13747894","45"
"13759969","329"
"13778815","35"
"13808342","5"
"13837159","1572"
"13865588","30"
"13867933","9"
"13978039","2"
"14027141","138"
"14057734","7"
"14101318","9"
"14116012","245"
"14210902","244"
"14263163","7"
"14287549","1"
"14328878","36"
"14435272","6"
"14486832","1"
"14505051","47"
"14515342","190"
"14543063","4"
"14627410","12"
"14666817","8"
"14682420","3"
"14698825","158"
"14756103","1"
"14782669","277"
"14806250","1162"
"14846150","1"
"14848865","31"
"14880605","2"
"14897153","97"
"14910241","5"
"14914675","245"
"14922006","48"
"14957066","6"
"14959628","17709"
"14989257","898"
"14995115","7"
"15017277","89"
"15080529","7"
"15134766","11"
"15195328","759"
"15205847","122"
"15228302","6"
"15246185","137"
"15285403","4"
"15363005","13"
"15393494","12"
"15417633","59"
"15426725","1"
"15471020","81"
"15500909","109"
"15509641","19383"
"15525750","143"
"15531805","99"
"15536213","2"
"15536505","40"
"15548976","7455"
"15563546","1"
"15592045","3184"
"15646653","11"
"15708243","1"
"15708458","13"
"15729314","1"
"15743643","6"
"15759579","3"
"15778405","857"
"15793721","1"
"15794603","24"
"15867274","53"
"15962985","905"
"16020916","52"
"16116800","1"
"16154948","46"
"16195282","102"
"16219560","5"
"16224803","4"
"16290623","8"
"16307010","6"
"16363717","5"
"16409333","32"
"16415741","4"
"16428381","45"
"16550843","7"
"16569855","3"
"16622735","330"
"16638704","2"
"16640920","18"
"16691009","6"
"16717734","1"
"16723951","45"
"16730686","1"
"16733587","3"
"16754990","4"
"16770502","17"
"16798228","35"
"16834666","10"
"16837900","107"
"16846494","11"
"16949824","60"
"16988042","71"
"16988139","135"
"17020688","86"
"17021738","9"
"17038695","747"
"17070556","87"
"17134485","2"
"17273246","81"
"17296591","9"
"17322266","1"
"17328893","926"
"17332041","18"
"17466008","952"
"17466721","2"
"17472048","58"
"17479978","6"
"17593904","7"
"17629210","1"
"17646483","1"
"17664209","1309"
"17708574","546"
"17746668","25"
"17753126","406"
"17785086","207"
"17840201","6"
"17865733","185"
"17867788","871"
"17879187","7"
"17921081","4"
"17922358","1"
"17924077","26"
"17941398","99"
"17964103","1"
"17982139","1"
"17982701","1"
"18006157","253"
"18013712","97"
"18026805","5"
"18028838","2"
"18059452","3"
"18059812","5"
"18097224","42"
"18236982","1196"
"18257960","637"
"18258297","1"
"18415473","9"
"18498547","18"
"18507554","2"
"18674058","1655"
"18790667","292"
"18821370","254"
"18822502","5"
"18847237","24"
"18903735","10"
"18937463","46"
"18993586","11"
"19047987","26"
"19085523","241"
"19329970","3"
"19525779","9"
"19552315","1"
"19581764","4"
"19594347","9"
"19600642","1"
"19612571","173"
"19630614","3"
"19641501","4"
"19644716","22"
"19696936","4"
"19710500","86"
"19717550","254"
"19755185","9"
"19755702","2"
"19761685","114"
"19823479","1"
"19943063","3"
"20029138","2"
"20104020","3"
"20163538","682"
"20226295","5"
"20285835","14"
"20349010","1"
"20378057","1"
"20425918","48"
"20434473","1"
"20435182","116"
"20450716","110"
"20450796","312"
"20465270","30"
"20508542","1"
"20660971","3"
"20752407","905"
"20754312","1"
"20835622","6"
"20873386","44"
"20925694","11"
"20935792","15"
"20955762","4"
"21034797","1"
"21037532","5"
"21044484","24"
"21065369","8"
"21125630","3184"
"21174695","21"
"21187110","1309"
"21216818","37"
"21312489","23"
"21448026","1"
"21584862","3"
"21603107","35"
"21618029","54"
"21640858","111"
"21681863","1"
"21719074","12"
"21784371","7"
"21864762","105"
"21908633","52"
"21921763","15"
"21924858","23"
"21963930","13"
"21974766","1119"
"22045114","91"
"22046894","84"
"22047350","641"
"22052042","33"
"22053634","1"
"22056630","17"
"22076833","1"
"22084327","948"
"22095887","15"
"22105376","29"
"22116372","3"
"22123631","267"
"22141768","54"
"22167327","3"
"22187814","27"
"22208853","39"
"22211488","2"
"22236354","24"
"22278515","1"
"22822302","1"
"22833631","54"
"23114966","18"
"23115673","2"
"23249012","23"
"23428045","66"
"23458675","4"
"23465223","9"
"23600597","4"
"23620520","40"
"23775197","207"
"23918553","1"
"23924596","16"
"24177440","18"
"24265177","1"
"24283325","6"
"24491126","7"
"24495953","163"
"24498221","4"
"24540619","73"
"24729237","77"
"24899862","1"
"24900752","1"
"24908811","39"
"24919055","101"
"25037257","5182"
"25037627","102"
"25040693","1"
"25045443","2629"
"25051824","281"
"25256022","3"
"25395643","15"
"25650073","2"
"25672260","3"
"25830758","25"
"25858715","4"
"25944077","5"
"25954906","8"
"26091726","1"
"26108120","238"
"26112145","1"
"26119533","1"
"26341053","2"
"26550795","3"
"26588971","54"
"26674333","1"
"26783304","3"
"26873823","1"
"26936537","51"
"26961388","4"
"26965543","6"
"27051487","3"
"27306008","12"
"27326987","35"
"27345935","3"
"27375757","629"
"27428481","30"
"27434109","7"
"27469596","7"
"27496559","10"
"27501293","1"
"27623476","833"
"27633284","12"
"27671937","5"
"27747720","1"
"27777181","163"
"27955513","370"
"27977354","25"
"27980298","9"
"28033868","35"
"28117425","1091"
"28119927","1"
"28153902","80"
"28178404","24"
"28317607","3"
"28357332","4"
"28401052","252"
"28459924","94"
"28486256","3"
"28510906","6"
"28625357","27"
"28690670","49"
"28717286","2"
"28923864","12"
"28947710","21"
"28952769","3"
"29116788","2"
