`id`,`country_code`
6,
231,
280,
334,se
391,
392,us
675,
735,
788,
799,gb
982,us
1022,us
1182,us
1207,
1305,sg
1615,us
1620,de
1742,de
1743,nl
1799,
1819,us
1962,us
1996,us
2146,
2204,us
2727,de
2746,gb
2864,se
3052,it
3386,
3430,us
3457,
3595,us
3623,us
3648,ru
3751,
3928,us
4003,cn
4021,us
4068,co
4095,
4267,us
4276,
4281,jp
4346,us
4432,
4473,us
4654,us
4711,us
4846,us
4929,us
5124,
5161,us
5184,us
5455,
5478,us
5497,no
5626,us
5629,ca
5874,
6009,in
6053,de
6223,
6313,us
6413,us
6848,
6931,au
6978,fr
7059,it
7149,gb
7233,
7317,ar
7756,us
7836,jp
7982,us
8127,
8184,gb
8304,
8329,us
8390,se
8525,us
8566,ru
8833,gb
8892,
9259,
9383,de
9682,gb
9709,us
9713,
9716,
9951,gb
10070,co
10197,
10462,
10512,us
10579,us
10594,au
10649,ru
10686,cn
10798,
10912,
11067,ec
11435,gb
11820,
11902,fr
12031,gb
12257,jp
12258,br
12830,us
12831,us
12885,
13235,
13436,
13718,br
13747,us
13929,us
14061,us
14098,
14622,gb
14763,dk
14952,us
15433,
15728,ch
15756,us
15762,za
16113,
16376,us
16462,us
16639,us
16820,us
16836,fr
17000,ch
17165,us
17411,
17730,us
17742,us
17798,
18003,us
18045,de
18090,gb
18250,cn
18571,gb
18601,
18941,
19019,
19030,ru
19375,us
19579,be
19615,
19626,
19640,se
19806,ph
19996,us
20138,ca
20678,au
21218,us
21274,us
21530,
21621,es
22086,us
22321,gb
22528,au
22551,
22772,gb
23085,lv
23122,at
23238,us
23301,us
23429,us
23605,gb
23670,us
23834,se
23888,fr
24177,in
24213,de
24326,us
24522,us
24559,
24603,us
24889,au
24960,
25016,br
25359,us
25380,
25986,
26624,
26636,
26688,
27046,us
27194,ie
28009,us
28054,
28069,
28204,us
28556,gb
28576,ca
29172,us
29762,be
29914,
29991,us
30402,
30653,it
30738,us
30761,us
31283,us
31366,by
32023,
32107,
32638,nl
33227,
33565,us
33656,
34288,
35473,ua
36313,jp
36413,cn
36591,gb
36713,
37623,
37778,se
38658,
38744,de
39027,
39044,dk
39075,se
40389,us
41254,gb
41498,ca
41849,gb
42214,be
42948,us
43969,
45141,fi
45669,
45702,ca
47940,us
48829,sk
48951,
49570,gb
50875,at
53018,at
53286,nl
54068,
54351,us
54491,ru
54745,
54785,be
55259,us
56374,ie
58642,us
58903,jp
59582,us
59607,
59830,gb
61117,ca
62093,de
64212,
64390,ca
64654,us
65772,us
69069,gb
70499,us
74160,jp
78782,us
79442,gb
81444,
82957,us
84341,
85800,ca
87135,
87869,
88390,au
90988,us
91363,it
94451,de
96553,
96689,us
96763,de
98743,au
99731,ar
100266,us
102179,cn
104483,nz
106815,at
106864,ru
107530,br
110992,de
112249,us
112262,
112292,fi
113880,us
114167,gb
114751,
116162,us
118048,us
118551,us
119275,
119977,
120216,ca
120707,
122760,us
123356,ru
124137,us
124505,
126528,us
126778,
131286,us
134290,
136457,cn
137246,cn
141145,us
141261,us
142406,
146205,us
149332,
150716,us
153822,de
154114,us
156773,be
158753,
159999,
164085,in
166720,
167194,us
167303,us
167985,
169454,us
169529,
176492,jp
176596,us
180685,es
181526,
182702,us
185861,gb
189681,
198069,
201672,ca
204692,pt
205834,ua
206270,
207212,se
209924,us
214505,
214552,
216447,
219601,us
220953,in
222916,ca
223537,us
224435,pl
231026,se
233193,ch
238698,es
242564,cn
243431,fr
244129,us
244417,
246730,
255320,us
260066,us
262948,us
263107,
267105,us
267717,ru
276344,us
280617,us
284018,us
284075,se
285798,gb
303616,us
306833,co
306908,
307612,us
309661,us
311780,
313268,jp
319466,
321869,
323565,lv
326476,no
328815,jp
335881,
337343,us
338816,us
343698,
344063,us
348868,
357887,us
362053,us
362894,us
363605,
366402,us
374916,
383256,
386790,ca
410586,
414089,fr
419651,us
422791,de
427496,
427934,br
440795,se
445199,at
450059,dk
450328,
454235,ch
455467,au
460773,
497181,us
499056,de
519333,
543497,us
546329,ch
569534,
572040,us
576260,ca
579759,ca
601064,us
603530,jp
615055,be
640609,dk
643697,gb
651549,dk
652682,de
673716,
677148,fr
683351,
686542,
696102,
705818,us
718118,us
719340,
723307,
724361,us
726806,br
738430,fr
742622,in
743378,de
748510,
750986,kr
771049,us
772395,us
773433,pl
784448,fr
788950,us
804708,
811373,
811401,
812923,ch
839143,nl
843214,
856494,gb
870927,
911527,
927777,nl
979207,jp
1001578,
1008365,
1009716,us
1011413,se
1015480,us
1017307,fi
1025135,ca
1027466,
1031791,
1036996,
1059797,
1078185,au
1080519,
1083125,au
1084208,it
1084793,
1093294,us
1098117,jp
1099822,ua
1100704,se
1117036,ua
1124381,us
1186739,de
1189471,cn
1195142,dk
1214622,
1228020,us
1242075,us
1248826,no
1261926,
1270737,us
1303073,us
1328973,us
1344179,us
1352199,
1354419,us
1366256,ca
1367068,us
1367228,
1372746,us
1381021,us
1382032,
1391701,
1397125,
1397723,us
1404659,
1412018,
1414836,cn
1416473,us
1432150,gb
1434458,us
1436875,
1437288,de
1438441,
1449551,de
1453441,us
1457727,ca
1471234,
1471568,cn
1474764,us
1486549,
1492346,
1500447,
1524373,
1526024,us
1528221,fr
1545229,dk
1546988,us
1600439,
1607018,
1619676,us
1690743,us
1698522,
1713442,us
1749436,
1764042,us
1778841,
1799111,gb
1819251,
1838125,ir
1852141,de
1886159,
1890840,us
1891776,it
1892389,gb
1893164,au
1900934,de
1903462,us
1904790,
1916255,us
1918558,ch
1927874,us
1927881,de
1949584,
1961397,ca
1964893,
1965404,us
1977847,
1989790,gb
1991636,es
2001763,gb
2020393,us
2051124,ua
2145058,ca
2146436,us
2201979,us
2206890,us
2207463,de
2213273,be
2229635,
2241376,ch
2244312,nz
2244481,us
2246039,
2249262,it
2250690,fr
2252680,at
2255699,us
2257096,tw
2257240,
2266052,de
2281243,cz
2281819,cn
2294498,
2312008,
2315431,
2337743,gr
2340614,us
2345204,us
2363619,us
2363758,de
2365356,cn
2372421,
2375290,
2381629,us
2381679,
2389915,us
2404370,es
2409137,us
2417208,cl
2421460,
2422498,
2434520,de
2445228,se
2447212,us
2467228,
2476937,us
2480777,
2513836,tw
2535892,
2572814,
2601235,us
2624458,fr
2660015,cn
2661903,gb
2662867,us
2702530,cn
2709309,cn
2719572,
2728868,us
2739871,
2749609,us
2752178,gb
2768008,fr
2771181,
2787691,
2796362,
2798946,
2801361,fi
2807863,
2814268,gb
2835325,be
2847808,co
2862294,
2862977,gb
2873371,in
2874293,es
2875658,us
2886485,es
2889040,co
2909754,it
2922319,cn
2922620,cn
2923558,cn
2940997,us
2945321,
2978560,us
2987164,us
3004769,mx
3018979,au
3036595,us
3036835,
3040840,fr
3048906,us
3063823,cn
3063870,
3067095,cn
3095960,
3117680,az
3119886,
3122758,
3136825,fr
3163883,us
3168742,
3173347,
3180895,cn
3201792,es
3205751,fr
3213902,fi
3224446,
3231556,ar
3236423,ch
3250844,
3276139,
3283518,us
3286419,pt
3287419,ca
3290625,
3296518,
3308302,
3321949,us
3346024,us
3361740,it
3368849,us
3370838,
3389811,il
3407626,us
3413879,us
3427780,cn
3429645,de
3434493,
3462816,
3465213,
3487382,au
3498338,
3499917,
3513117,us
3523460,ru
3524332,au
3529137,us
3549651,id
3582345,ru
3592410,cn
3594572,by
3600377,
3610783,
3631888,
3641172,
3642978,us
3649472,us
3659421,
3664437,gb
3669790,us
3683487,de
3706501,us
3708910,
3714509,es
3716978,us
3752385,us
3756185,
3759006,us
3769056,
3770464,ru
3807912,
3814424,cn
3827244,cn
3863843,il
3872943,us
3874746,us
3877884,
3893356,cn
3905191,us
3908715,
3943403,
3961217,ar
3983276,us
3992573,
3997006,br
4003838,us
4019026,
4026408,it
4030767,
4035765,us
4045632,
4052435,
4058558,be
4069483,
4092676,
4115240,fr
4120130,cn
4136027,
4142580,in
4160390,
4187118,
4192518,us
4198417,de
4255397,fi
4291112,au
4291254,gb
4326459,
4339243,
4342100,cn
4420524,
4428725,se
4467262,jp
4476638,
4477515,
4484156,us
4513783,
4539094,us
4540322,ro
4563307,gb
4563494,
4569976,de
4583981,de
4584491,gb
4588007,nl
4605271,us
4607985,us
4629745,fr
4646758,us
4660569,us
4663721,jp
4680920,
4682471,
4695209,us
4722740,
4731748,
4739172,jp
4753416,cn
4773093,
4775481,
4776433,de
4780077,
4786655,in
4809226,
4819374,
4877698,pl
4879481,fr
4882831,gb
4894767,us
4896516,
4899910,cz
4903941,au
4904730,
4911527,
4926223,gb
4929815,
4933925,us
4963729,
4988377,us
4992188,gb
4993581,de
5041761,ca
5042362,it
5069439,us
5074778,za
5078978,
5095078,
5103160,
5120709,co
5140545,in
5145060,
5146456,gb
5152250,us
5195927,us
5205541,
5216745,cn
5247954,
5304081,jp
5312058,nl
5322239,
5350409,cn
5368058,cn
5371237,us
5377260,ar
5379586,
5384527,us
5398997,
5399390,us
5411876,
5427047,
5428457,de
5430540,ie
5435325,ch
5439720,us
5441485,us
5472160,us
5481554,
5507363,fi
5522468,us
5534759,
5548430,
5552730,hu
5555823,be
5565375,
5568720,be
5573155,
5593627,se
5597614,
5598479,fr
5600557,tw
5602838,
5604899,us
5617024,us
5630665,hr
5636078,in
5718353,us
5731028,
5741726,
5778983,gb
5784154,
5798893,
5807266,
5812279,
5817753,
5828347,us
5829099,us
5846748,us
5927767,
5942149,us
5944667,de
5979563,
5989485,de
6005713,br
6013073,cn
6023112,
6065511,
6068879,
6085795,
6087555,au
6095575,no
6096676,us
6108651,
6126544,
6169171,cn
6172020,
6191402,
6196408,
6210932,gb
6225214,us
6236268,
6239513,
6253776,us
6278048,cn
6278863,
6280726,
6299920,
6307815,sk
6312005,it
6318240,us
6328765,us
6399055,us
6403871,
6404061,
6412773,gb
6441856,
6442229,
6451691,us
6457494,
6462793,
6476825,gb
6496393,
6498079,
6499244,
6505671,cy
6533556,us
6571469,
6587692,vn
6610198,
6611850,us
6653643,
6699074,gb
6704373,ca
6712024,
6744736,
6753616,
6800846,
6816151,
6843683,cn
6853230,gb
6861499,br
6882788,nl
6916565,us
6962535,no
6965555,
6965574,
6970257,
6988298,us
6988998,us
7001356,
7013556,cn
7019686,ua
7075652,
7089559,
7105340,
7113913,us
7132386,us
7146853,us
7147408,
7158417,
7164842,us
7170693,
7182205,
7189065,us
7190023,
7198962,ca
7199692,au
7212462,gb
7215130,no
7222746,us
7228519,
7240106,cn
7249970,us
7258997,
7259889,
7260288,ca
7266288,
7276482,
7294438,
7304063,us
7305150,
7306369,us
7306673,us
7308213,br
7326980,fr
7344511,at
7361572,
7383416,
7412153,
7420900,us
7432562,eg
7461031,
7489584,
7504851,us
7537997,us
7553911,gb
7556976,gb
7570729,us
7607012,us
7617634,fr
7623896,
7645899,
7654253,us
7658667,us
7666955,
7722836,us
7732133,gb
7738640,
7751311,
7753732,
7769665,vn
7808122,se
7810452,us
7811703,
7835118,
7846270,ng
7883108,hu
7883561,
7890973,
7924929,
7940296,
7952993,gb
7980702,de
7990763,
8012811,bg
8017772,
8091268,de
8117762,
8117944,ru
8125526,
8137228,de
8142691,pl
8162617,us
8169424,us
8170478,
8194675,au
8228397,
8270641,
8296041,
8313244,ph
8339162,us
8339915,nz
8346508,
8387817,
8390641,
8404580,by
8405131,us
8416517,lk
8427119,cn
8450572,
8475145,
8485455,fr
8515356,
8532385,us
8532554,
8566806,cn
8576259,
8596480,
8634501,us
8670482,
8688328,us
8732866,
8734343,gb
8742938,
8758294,bd
8769923,it
8772689,nl
8776028,us
8784767,
8789813,
8817056,hu
8818018,us
8837968,
8847632,cn
8854423,
8875437,cl
8875464,at
8905797,
8906917,
8913435,
8939716,
8944249,
8984199,
9026379,us
9041360,
9051214,
9062615,do
9078570,us
9095732,
9121894,et
9139436,gb
9152395,jp
9160279,
9232309,
9240557,au
9245754,es
9255018,cn
9268752,br
9282939,us
9343717,jp
9344074,
9346606,
9352549,us
9356105,tw
9358405,nz
9380376,
9382176,
9392393,be
9394397,
9400432,
9464549,
9468307,
9478333,
9504109,
9511165,us
9540082,
9570005,at
9589511,
9597076,de
9599053,us
9600790,us
9626183,us
9650960,cn
9658872,
9659919,us
9664486,
9677139,
9687174,
9701410,ar
9701695,
9703605,us
9704915,co
9706049,
9709068,in
9709116,au
9717218,
9726637,cn
9727940,us
9745677,es
9755937,cz
9777067,
9814221,au
9817959,
9843828,cn
9862004,gb
9865676,
9866862,
9877090,de
9893161,gb
9895007,
9906217,
9908329,us
9912292,us
9930325,in
9931815,
9961002,
9975034,nl
9982219,gb
9983686,us
9995314,us
10053600,gb
10060643,ru
10066441,
10084609,
10084678,
10123492,
10125352,
10128842,
10138664,us
10172252,
10172529,
10188194,us
10192555,
10196307,
10199826,it
10233169,es
10258995,
10260310,jp
10260382,us
10280298,
10281182,
10281816,
10282819,
10296656,
10301817,
10358518,
10377821,
10379711,
10388177,
10396798,us
10410843,
10412281,tw
10425716,cn
10432015,fr
10435441,cn
10435922,tr
10447564,jp
10451754,
10464490,cn
10473430,
10512042,
10520061,gb
10521722,
10526188,
10528918,
10541844,in
10548198,us
10555368,
10574931,us
10576004,
10585250,au
10589306,us
10631290,
10660095,
10732476,nl
10733538,us
10741429,
10752463,gb
10773454,ph
10777706,nl
10784470,
10803994,us
10812016,us
10814377,
10815238,us
10817458,us
10819648,jp
10829089,de
10829314,gb
10832091,ca
10832897,ca
10832960,
10834528,us
10854850,us
10859865,
10905378,
10910878,
10936889,us
10947458,us
10953007,us
10955983,us
10956038,us
10956567,ca
10963081,
10964976,pl
11001304,
11006951,
11026907,pl
11034513,
11061859,
11066875,
11072255,
11080800,de
11083412,
11095632,ph
11107988,
11120703,us
11127510,fr
11132347,us
11139593,
11144636,
11165808,ua
11173957,ph
11175147,fr
11176827,us
11182376,
11183490,
11197300,de
11212499,
11227723,us
11228451,se
11238565,ar
11265367,
11291526,pl
11297052,ru
11318999,de
11323491,
11338993,br
11348682,
11362536,
11384611,be
11402707,us
11453235,au
11467831,ro
11473240,us
11474560,
11494393,
11512622,us
11537177,us
11554847,
11570176,us
11581362,
11588385,us
11605642,us
11622535,
11625417,fr
11662013,gr
11668604,de
11680693,
11698195,pl
11702237,es
11704557,
11706023,
11707880,gb
11720517,cn
11733127,
11735060,
11737051,
11744765,jp
11746264,cn
11753236,gb
11761587,
11784159,fr
11785544,ir
11797084,
11802012,jp
11817714,
11850935,us
11854803,us
11912097,us
11924541,us
12059663,
12092942,
12170217,us
12192051,us
12197208,cn
12226983,
12229395,us
12260707,gb
12262320,ca
12274903,cn
12280393,
12308151,cn
12313618,se
12315617,fr
12316998,
12317433,
12326365,
12350238,ca
12398542,
12402890,cn
12449377,
12474524,ar
12488104,
12505449,
12508484,us
12509066,us
12516628,pl
12520304,ru
12526520,us
12582238,ba
12586102,gb
12589909,gb
12622087,
12630000,us
12653317,jp
12666384,
12670029,
12682828,es
12682853,us
12715530,
12719568,hu
12738012,
12740796,dk
12746037,ca
12749140,ca
12761803,
12798077,ca
12806676,
12807650,us
12814859,us
12821674,ca
12861561,us
12878383,cn
12908987,us
12967267,us
12998527,au
13061306,cn
13071706,
13082203,bg
13095216,us
13097260,
13126326,
13128433,gb
13155583,
13334964,
13368782,us
13393204,
13398866,cn
13403042,
13413696,
13415499,
13430369,
13454056,
13462180,
13464028,us
13480659,us
13481226,
13489032,
13490952,us
13494877,us
13509074,br
13520780,us
13523497,pt
13536812,
13537757,
13539138,au
13541961,
13544235,cn
13570263,nl
13585659,se
13593152,at
13595364,us
13602488,de
13603046,
13613053,
13615253,de
13621454,cn
13624635,
13635889,
13636329,
13636760,
13636819,
13640327,es
13642463,fr
13655055,cn
13664602,
13678610,
13679102,cn
13680016,us
13685691,us
13714859,us
13719308,se
13719548,nl
13735930,fr
13737011,us
13740270,cz
13742311,us
13747237,us
13747894,de
13759969,gb
13766624,
13778815,
13808342,br
13822802,
13837159,cn
13865588,us
13867933,
13964115,
13978039,us
14000694,
14027141,
14057734,
14101318,
14116012,us
14149638,
14179437,
14210902,
14215488,
14263163,
14286406,
14287549,
14310944,
14328878,
14429281,
14435272,
14457963,de
14466355,
14486832,
14505051,fr
14515342,de
14543063,fr
14545279,
14627410,cn
14666817,
14682420,
14698825,tr
14737226,
14756103,
14771481,
14773650,
14782669,cn
14806250,us
14846150,
14847736,
14848865,us
14880605,us
14897153,
14910241,
14914675,us
14922006,in
14957066,
14959628,gb
14989257,
14995115,
15017277,de
15022227,
15080529,
15082688,
15093986,
15125364,ua
15134766,
15195328,ca
15205203,
15205847,us
15228302,at
15239162,
15246185,de
15252261,
15285403,ca
15363005,
15384846,
15393494,
15417633,in
15426725,
15471020,es
15485606,
15500909,jp
15509641,us
15525750,cn
15531805,
15536213,
15536505,
15548976,gb
15563546,bd
15573016,fr
15592045,us
15612970,
15623292,
15627284,us
15646653,us
15669545,
15676204,us
15708243,
15708458,
15710174,gb
15718946,
15729314,cn
15743643,ar
15753913,us
15759579,
15778405,at
15793721,us
15794603,cn
15867274,
15915198,
15956179,
15962985,us
15998060,
16020916,dk
16030648,
16077481,
16116800,hu
16154948,nl
16174927,us
16195282,us
16219560,
16224803,
16230400,
16290623,
16307010,us
16310355,us
16363717,us
16409333,nl
16415741,
16423884,us
16428381,de
16534152,
16550843,us
16569855,us
16611808,
16622735,us
16638704,
16640920,us
16647116,no
16691009,jp
16717734,
16723951,nl
16730686,
16733587,
16741757,
16754990,au
16770502,ru
16782015,
16792291,
16798228,us
16834666,
16837900,nl
16846494,
16904075,
16949824,us
16988042,no
16988139,cn
17009322,ru
17020688,us
17021738,au
17036156,
17038695,cn
17059127,
17070556,cn
17081302,us
17134485,
17139019,
17143234,
17169141,
17193964,
17251459,
17273246,cn
17296591,
17322266,fr
17328893,
17332041,
17373284,
17392942,
17466008,us
17466721,
17472048,
17479978,us
17529102,kr
17532093,
17539972,
17593904,
17629210,de
17646483,
17648544,us
17664209,cn
17708574,us
17746668,
17753126,de
17784660,in
17785086,us
17830752,tw
17840201,in
17865733,
17867788,us
17879187,
17921081,
17922358,
17924077,jp
17941398,au
17964103,fr
17982139,
17982701,
18006157,il
18013712,ca
18022219,
18026805,cn
18028838,
18029648,de
18035907,
18046266,
18054793,
18059452,us
18059812,us
18097224,
18129978,ru
18199108,
18221297,
18236982,jp
18257960,cn
18258297,
18260477,fr
18272904,us
18290070,
18313948,ua
18355741,
18395213,
18415473,it
18418200,
18429672,
18461617,
18469788,fr
18498547,us
18507554,
18513548,
18552022,us
18623771,
18646362,
18655199,
18674058,dk
18714651,in
18719465,
18781956,
18790667,us
18810686,
18821370,ru
18822502,
18847237,us
18869596,
18903735,sg
18904813,us
18937463,
18993586,gb
19010386,cn
19018850,
19047987,us
19085523,cn
19099635,
19122404,
19147330,
19153219,
19185130,us
19314846,
19320997,
19329970,de
19379132,
19517346,
19525779,
19537063,
19552315,
19569279,
19581764,
19594347,cn
19600642,
19612571,us
19630614,hu
19637265,
19641501,ru
19644716,ru
19664730,
19685186,cn
19689982,
19696936,br
19710500,
19717550,
19755185,de
19755702,bg
19758699,
19761685,us
19790971,
19820804,
19823479,cn
19936916,
19943063,cn
20008478,
20029138,fr
20029706,br
20030610,
20064306,
20104020,in
20138487,us
20163538,us
20224741,
20226295,cn
20265215,
20285835,de
20311740,
20349010,
20378057,
20390809,cn
20398795,cn
20410311,
20425918,
20434473,
20435182,
20450716,cn
20450796,cn
20465270,dk
20508542,
20532547,
20532667,
20634755,
20637830,
20647545,us
20654502,
20660971,jp
20666664,
20680088,
20682630,
20737229,us
20752407,us
20754312,us
20769533,
20774253,
20835622,
20844574,
20873386,jp
20925694,
20935792,us
20955762,
21034797,es
21037532,
21044484,us
21058198,
21065369,
21125630,us
21174695,se
21187110,cn
21191867,
21216818,us
21312489,us
21341462,
21358389,
21378283,
21448026,
21582674,
21584862,us
21603107,cn
21618029,br
21629316,
21640858,mx
21667956,
21681863,au
21700832,
21719074,cn
21770593,
21784371,ca
21864762,tw
21908633,jp
21909651,gb
21921763,
21924858,
21963930,cn
21971963,jp
21974766,
21975229,
22036307,cn
22041659,
22042237,
22045114,gb
22046894,ua
22047350,ca
22050640,
22052042,
22053634,
22053762,
22054830,us
22056425,
22056630,
22076087,us
22076833,
22077026,us
22084327,us
22085827,
22095887,ie
22105376,us
22110826,us
22116372,br
22123631,us
22141768,
22167327,
22187814,gb
22208853,us
22211488,tw
22236354,cn
22278515,
22282240,
22331562,
22402010,
22513118,us
22822302,
22823126,
22833631,
22946554,us
22984128,
23114966,us
23115673,
23249012,gb
23428045,us
23458675,gb
23465223,us
23471356,us
23537807,us
23600597,de
23620520,it
23769369,
23775197,es
23918553,
23924596,fr
23961495,
23964055,
24094301,
24136448,
24177440,ca
24240637,us
24265177,tr
24272262,
24283325,
24349402,
24431405,
24491126,in
24495953,ch
24498221,dk
24540619,
24568290,
24618268,
24663283,
24729237,cn
24834266,
24899862,
24900752,br
24908811,cn
24919055,cn
24938003,
25004073,
25032410,cn
25037257,
25037627,jp
25040693,
25045443,id
25051824,cn
25070656,
25076502,us
25256022,
25256938,
25395643,us
25440413,
25545538,us
25650073,
25672260,be
25830758,in
25858715,
25944077,
25954906,
25977484,us
26091726,
26108120,cn
26112145,
26119533,
26276834,
26341053,us
26392840,
26459676,
26550795,
26588971,
26674333,
26753555,
26783304,
26873823,us
26936537,us
26961388,
26965543,us
26974218,
27051487,cn
27147563,
27232955,
27299735,us
27306008,by
27326987,cn
27345935,
27375757,gb
27406305,us
27406826,
27422150,
27428481,
27434109,
27469596,
27496559,no
27499427,il
27501293,
27530962,de
27533386,
27536536,cn
27623476,es
27633284,
27671937,
27676276,
27681681,
27740539,
27747720,pl
27751995,
27777181,us
27852169,
27859042,
27881432,cu
27955513,
27977354,fi
27980298,us
28033868,us
28085151,
28117425,cn
28119927,
28139204,
28153902,de
28169699,
28178404,
28205753,
28317607,
28338390,us
28357332,
28376284,us
28401052,
28405382,
28459924,us
28475997,
28486256,
28510906,
28552779,
28581442,br
28592646,
28625357,
28690670,us
28717286,
28754602,
28758106,
28851599,
28920533,
28923864,
28947710,cn
28952769,fr
28992266,us
29023113,
29116788,ua
