id,number_of_organization_members
231,9
280,7
392,60
788,3
1182,252
1207,15
1615,7
1799,9
1962,66
2146,56
4021,70
4068,34
4095,43
4267,13
4432,60
4654,7
4711,280
5124,12
5874,38
6053,84
6223,2
6313,77
6413,252
6848,97
7233,9
7756,53
8127,17
8304,183
8329,4
8525,19
8892,5
9259,97
9709,11
9951,31
10070,23
10579,4
10798,4
10912,7
12031,114
12258,29
13436,9
13718,59
15433,22
15762,47
16639,204
17411,6
18090,50
18941,3
19019,48
19626,18
21218,17
21530,40
21621,4
22321,8
22551,4
22772,54
23301,204
23670,15
24177,22
24559,15
24603,55
25986,30
26624,12
26636,56
26688,3
27046,43
28069,27
29914,7
30402,15
30738,9
32023,10
33565,1
36713,56
37623,3
38744,10
39027,8
45702,2
54351,36
58642,8
59607,4
59830,1
64212,48
78782,6
84341,6
90988,2
96553,40
99731,4
113880,280
114167,47
114751,1
118551,52
120707,10
124505,223
149332,16
158753,8
159999,6
164085,16
167303,10
167985,2
169529,12
181526,13
206270,44
244129,1
244417,5
246730,1
262948,1
267105,15
267717,8
284075,34
285798,29
319466,7
321869,12
343698,2
357887,9
374916,24
383256,4
427496,10
519333,2
569534,38
572040,30
576260,32
615055,3
683351,20
686542,38
696102,7
718118,56
723307,18
726806,20
811401,1
1001578,3
1008365,11
1084208,5
1270737,8
1344179,21
1352199,2
1366256,22
1367068,644
1367228,5
1381021,21
1397723,2
1412018,2
1438441,11
1453441,1
1471234,29
1500447,5
1524373,1
1528221,29
1546988,4
1619676,252
1690743,5
1698522,2
1838125,2
1890840,1
1903462,25
1927881,14
1961397,11
1977847,4
2244481,15
2294498,9
2535892,31
2661903,6
2662867,57
2749609,6
2796362,17
2814268,9
2835325,1
2847808,59
2922319,90
2923558,90
2945321,6
3122758,40
3136825,8
3168742,24
3250844,2
3276139,5
3434493,2
3498338,3
3642978,23
3649472,9
3664437,1
3706501,9
3756185,3
3807912,10
3905191,352
4136027,1
4428725,11
4477515,21
4513783,71
4563494,22
4584491,2
4605271,4
4882831,18
4894767,280
4911527,60
4963729,6
5095078,2
5205541,5
5565375,3
5600557,11
5630665,1
5778983,2
5807266,6
5828347,14
5846748,3
6065511,1
6172020,5
6236268,6
6239513,6
6253776,10
6412773,51
6442229,2
6498079,2
6611850,16
6653643,1
6699074,59
6704373,4
6712024,1
6816151,4
6861499,30
6965555,19
6965574,19
6970257,69
6988998,52
7019686,5
7075652,3
7113913,7
7147408,3
7158417,64
7189065,24
7190023,2
7212462,6
7228519,8
7266288,3
7306369,204
7306673,40
7489584,2
7607012,25
7617634,11
7654253,25
7722836,2
7738640,1
7751311,2
7753732,3
7810452,38
7883561,7
7940296,1
8017772,5
8125526,5
8313244,7
8387817,29
8405131,23
8566806,5
8576259,69
8634501,280
8688328,67
8734343,5
8818018,328
8875464,5
8939716,8
9121894,11
9268752,5
9282939,1
9352549,17
9382176,7
9400432,29
9478333,33
9599053,2
9626183,42
9650960,15
9658872,70
9706049,8
9727940,328
9755937,13
9862004,196
9865676,2
9908329,5
9961002,5
10066441,9
10084609,1
10084678,17
10172529,1
10196307,5
10358518,1
10377821,1
10388177,9
10396798,24
10432015,23
10435441,15
10520061,3
10521722,3
10548198,42
10576004,60
10589306,12
10631290,22
10777706,1
10784470,71
10812016,1
10815238,74
10817458,3
10832091,6
10832897,6
10832960,21
10953007,328
10955983,6
10956038,6
10964976,1
11001304,22
11061859,2
11107988,8
11139593,2
11144636,5
11165808,5
11212499,42
11227723,3
11338993,4
11362536,1
11474560,15
11494393,2
11622535,78
11706023,2
11707880,18
11735060,1
11737051,38
11744765,3
11753236,27
11797084,11
12092942,2
12170217,74
12226983,5
12260707,8
12326365,1
12350238,2
12666384,1
12806676,10
12814859,10
12908987,77
13071706,1
13095216,4
13334964,2
13393204,5
13454056,2
13489032,1
13595364,2
13613053,51
13636329,3
13642463,5
13664602,23
13680016,1
14000694,1
14179437,1
14286406,3
14429281,1
14457963,4
14545279,5
14771481,2
14847736,21
15022227,118
15384846,1
15573016,13
15623292,8
15627284,52
15676204,352
15710174,17
16030648,3
16174927,5
16230400,3
16310355,13
16423884,280
16534152,12
16647116,10
16741757,1
16792291,2
17081302,6
17193964,6
17539972,3
18054793,1
18260477,4
18469788,3
18552022,13
18655199,1
18781956,19
18810686,2
18904813,42
19010386,4
19122404,8
19185130,1
19320997,12
19569279,6
19685186,1
19936916,1
20532547,6
20647545,9
20682630,6
20737229,2
21058198,7
21629316,1
22041659,3
22042237,1
22053762,1
22054830,2
22056425,4
22076087,18
22077026,4
22110826,131
22208853,7
22946554,6
23471356,15
24136448,4
24272262,1
25977484,15
27299735,7
27406305,8
27530962,10
27676276,2
28338390,56
28376284,17
28992266,352
