"`id`","`nr_of_devs`"
"6","553"
"231","94"
"280","12"
"334","162"
"391","9"
"392","334"
"675","78"
"735","38"
"788","72"
"799","113"
"982","39"
"1022","13"
"1182","118"
"1207","193"
"1305","8"
"1615","31"
"1620","67"
"1742","29"
"1743","214"
"1799","187"
"1819","6"
"1962","40"
"1996","13"
"2146","56"
"2204","5"
"2727","89"
"2746","86"
"2864","40"
"3052","15"
"3386","38"
"3430","22"
"3457","6"
"3595","61"
"3623","101"
"3648","6"
"3928","25"
"4003","1"
"4021","93"
"4068","201"
"4095","153"
"4267","61"
"4276","46"
"4281","10"
"4346","5"
"4432","10"
"4473","12"
"4654","10"
"4711","497"
"4846","120"
"4929","33"
"5124","221"
"5161","25"
"5184","74"
"5455","394"
"5478","19"
"5497","22"
"5626","191"
"5629","91"
"5874","19"
"6009","15"
"6053","8"
"6223","31"
"6313","231"
"6413","55"
"6848","71"
"6931","6"
"6978","29"
"7059","35"
"7149","18"
"7233","145"
"7317","63"
"7756","46"
"7836","98"
"7982","26"
"8127","417"
"8184","250"
"8304","23"
"8329","8"
"8390","46"
"8525","128"
"8566","46"
"8833","71"
"8892","57"
"9259","119"
"9383","14"
"9682","69"
"9709","5"
"9713","3"
"9716","57"
"9951","25"
"10070","740"
"10197","32"
"10462","286"
"10512","17"
"10579","16"
"10594","14"
"10649","1"
"10686","10"
"10798","167"
"10912","177"
"11435","76"
"11820","90"
"11902","177"
"12031","347"
"12257","7"
"12258","409"
"12830","233"
"12831","60"
"12885","312"
"13235","57"
"13436","32"
"13718","70"
"13747","7"
"14061","36"
"14098","87"
"14622","12"
"14763","18"
"14952","101"
"15433","31"
"15728","18"
"15756","91"
"15762","411"
"16113","3"
"16376","4"
"16462","50"
"16639","45"
"16820","50"
"16836","14"
"17000","88"
"17165","167"
"17411","26"
"17730","10"
"17742","33"
"17798","47"
"18003","11"
"18045","28"
"18090","74"
"18571","68"
"18601","10"
"18941","3"
"19030","7"
"19375","6"
"19579","7"
"19626","61"
"19640","3"
"19806","24"
"19996","8"
"20138","38"
"20678","10"
"21218","30"
"21274","70"
"21530","31"
"21621","32"
"22086","19"
"22321","34"
"22528","124"
"22551","39"
"23085","13"
"23122","17"
"23238","20"
"23301","54"
"23605","28"
"23670","21"
"23834","234"
"23888","9"
"24177","16"
"24213","9"
"24326","4"
"24522","7"
"24559","136"
"24603","31"
"24889","6"
"24960","25"
"25016","5"
"25359","13"
"25380","37"
"25986","14"
"26624","317"
"26636","38"
"26688","87"
"27046","28"
"27194","4"
"28009","22"
"28054","43"
"28069","70"
"28204","104"
"28556","43"
"28576","22"
"29172","15"
"29762","45"
"29914","95"
"29991","31"
"30402","164"
"30653","1"
"30738","25"
"30761","2"
"31283","5"
"31366","38"
"32023","93"
"32107","3"
"32638","32"
"33227","4"
"33565","77"
"33656","21"
"34288","8"
"35473","14"
"36313","3"
"36413","56"
"36591","4"
"36713","200"
"37623","7"
"37778","5"
"38658","6"
"38744","40"
"39027","25"
"39044","11"
"39075","87"
"40389","69"
"41498","21"
"41849","1"
"42214","1"
"42948","3"
"45141","8"
"45669","6"
"48951","2"
"49570","5"
"50875","123"
"53018","13"
"53286","34"
"54068","1"
"54351","42"
"54491","67"
"54785","5"
"56374","74"
"58903","16"
"59607","11"
"59830","14"
"61117","1"
"62093","3"
"64212","51"
"64390","10"
"64654","20"
"65772","6"
"79442","1"
"82957","1"
"84341","22"
"85800","6"
"87135","18"
"87869","18"
"91363","1"
"96553","206"
"98743","16"
"100266","16"
"102179","76"
"104483","7"
"106815","2"
"106864","26"
"110992","5"
"112249","34"
"112292","2"
"113880","14"
"114167","133"
"114751","3"
"116162","3"
"118048","8"
"118551","8"
"119275","3"
"119977","20"
"120216","5"
"122760","1"
"123356","4"
"124137","1"
"126778","6"
"131286","24"
"141145","14"
"141261","13"
"142406","2"
"146205","2"
"149332","39"
"150716","2"
"153822","18"
"154114","2"
"156773","2"
"158753","30"
"159999","12"
"164085","8"
"167194","3"
"167303","11"
"167985","21"
"169454","7"
"176492","13"
"180685","7"
"181526","245"
"182702","96"
"185861","14"
"204692","83"
"206270","3"
"207212","1"
"214552","3"
"216447","32"
"219601","20"
"222916","4"
"224435","10"
"231026","21"
"242564","7"
"243431","25"
"246730","13"
"255320","10"
"262948","1"
"263107","3"
"267105","34"
"267717","6"
"280617","16"
"284075","18"
"306833","2"
"311780","4"
"313268","14"
"319466","13"
"321869","59"
"323565","10"
"326476","5"
"328815","26"
"335881","1"
"338816","1"
"343698","15"
"348868","2"
"362053","5"
"362894","6"
"366402","1"
"386790","1"
"419651","16"
"422791","1"
"445199","13"
"450328","2"
"454235","1"
"460773","2"
"499056","5"
"543497","25"
"569534","6"
"572040","20"
"643697","13"
"651549","13"
"683351","294"
"696102","362"
"705818","4"
"718118","21"
"719340","1"
"723307","8"
"738430","63"
"742622","8"
"743378","8"
"748510","1"
"771049","2"
"784448","7"
"811401","5"
"812923","2"
"870927","1"
"1001578","44"
"1008365","16"
"1027466","1"
"1036996","10"
"1059797","6"
"1117036","2"
"1124381","1"
"1261926","1"
"1270737","27"
"1344179","59"
"1352199","128"
"1354419","45"
"1366256","8"
"1367068","9"
"1367228","17"
"1372746","10"
"1381021","120"
"1382032","1"
"1391701","8"
"1397125","1"
"1397723","12"
"1404659","7"
"1416473","7"
"1432150","31"
"1434458","25"
"1437288","80"
"1438441","231"
"1457727","53"
"1471234","3"
"1474764","12"
"1486549","21"
"1500447","4"
"1524373","1"
"1526024","4"
"1528221","333"
"1545229","8"
"1546988","2"
"1619676","5"
"1690743","32"
"1698522","15"
"1713442","32"
"1749436","34"
"1778841","18"
"1819251","1"
"1891776","5"
"1892389","2"
"1893164","3"
"1900934","27"
"1904790","1"
"1918558","3"
"1927874","11"
"1927881","1"
"1961397","55"
"1965404","6"
"1977847","6"
"1989790","113"
"1991636","31"
"2241376","3"
"2244312","4"
"2249262","3"
"2250690","3"
"2252680","1"
"2255699","2"
"2257096","16"
"2257240","37"
"2281819","19"
"2294498","124"
"2337743","3"
"2340614","8"
"2363619","14"
"2363758","67"
"2365356","2"
"2389915","33"
"2404370","12"
"2417208","1"
"2421460","2"
"2447212","7"
"2476937","2"
"2513836","1"
"2661903","3"
"2662867","4"
"2702530","2"
"2719572","8"
"2728868","63"
"2739871","1"
"2752178","34"
"2771181","1"
"2796362","6"
"2798946","3"
"2807863","6"
"2847808","140"
"2862294","24"
"2862977","1"
"2875658","5"
"2889040","8"
"2922319","26"
"2922620","1"
"2923558","6"
"2978560","1"
"3018979","10"
"3048906","8"
"3063823","1"
"3067095","5"
"3117680","3"
"3136825","52"
"3168742","22"
"3201792","32"
"3213902","12"
"3250844","3"
"3276139","170"
"3286419","3"
"3290625","81"
"3321949","44"
"3346024","165"
"3361740","16"
"3368849","25"
"3413879","26"
"3427780","7"
"3434493","30"
"3465213","12"
"3513117","7"
"3523460","6"
"3524332","10"
"3529137","7"
"3582345","5"
"3592410","1"
"3610783","26"
"3631888","1"
"3642978","31"
"3649472","14"
"3659421","1"
"3664437","118"
"3683487","1"
"3706501","4"
"3714509","7"
"3716978","10"
"3756185","11"
"3759006","17"
"3807912","14"
"3814424","2"
"3863843","38"
"3874746","8"
"3893356","7"
"3905191","607"
"3908715","3"
"3961217","1"
"3992573","16"
"4003838","125"
"4019026","3"
"4026408","1"
"4035765","2"
"4069483","5"
"4115240","8"
"4120130","20"
"4136027","8"
"4142580","3"
"4160390","14"
"4192518","2"
"4198417","108"
"4326459","13"
"4342100","3"
"4420524","7"
"4467262","3"
"4484156","54"
"4513783","42"
"4539094","2"
"4540322","1"
"4563307","7"
"4563494","522"
"4584491","5"
"4588007","55"
"4605271","12"
"4629745","3"
"4646758","1"
"4660569","1"
"4663721","7"
"4753416","1"
"4773093","3"
"4786655","3"
"4819374","21"
"4877698","17"
"4879481","3"
"4882831","13"
"4894767","20"
"4904730","6"
"4926223","12"
"4933925","4"
"4963729","10"
"4988377","2"
"4992188","83"
"5042362","6"
"5074778","5"
"5078978","1"
"5095078","25"
"5140545","24"
"5145060","6"
"5146456","16"
"5152250","1"
"5195927","2"
"5205541","10"
"5216745","31"
"5312058","32"
"5371237","3"
"5399390","14"
"5411876","3"
"5428457","6"
"5430540","5"
"5435325","17"
"5507363","95"
"5522468","34"
"5534759","14"
"5555823","7"
"5565375","17"
"5593627","4"
"5598479","119"
"5600557","4"
"5604899","45"
"5617024","14"
"5630665","13"
"5636078","59"
"5741726","24"
"5807266","71"
"5817753","69"
"5828347","194"
"5846748","88"
"5942149","4"
"6013073","6"
"6068879","30"
"6085795","7"
"6087555","3"
"6096676","31"
"6169171","4"
"6172020","48"
"6191402","3"
"6196408","5"
"6210932","2"
"6253776","12"
"6278048","52"
"6278863","1"
"6280726","6"
"6312005","19"
"6318240","4"
"6328765","15"
"6399055","4"
"6403871","16"
"6412773","46"
"6441856","23"
"6442229","71"
"6451691","3"
"6462793","4"
"6476825","3"
"6496393","87"
"6533556","1"
"6587692","3"
"6611850","13"
"6653643","36"
"6699074","40"
"6704373","8"
"6712024","8"
"6816151","11"
"6843683","3"
"6916565","5"
"6965555","3"
"6988298","12"
"6988998","20"
"7001356","38"
"7013556","1"
"7019686","62"
"7105340","7"
"7113913","9"
"7132386","1"
"7158417","25"
"7164842","7"
"7170693","75"
"7189065","3"
"7190023","8"
"7212462","52"
"7215130","38"
"7222746","21"
"7228519","112"
"7240106","81"
"7260288","14"
"7266288","12"
"7294438","6"
"7304063","9"
"7306673","18"
"7308213","1"
"7326980","10"
"7420900","11"
"7461031","5"
"7489584","41"
"7504851","3"
"7537997","13"
"7556976","1"
"7570729","38"
"7607012","6"
"7617634","13"
"7654253","7"
"7666955","41"
"7722836","2"
"7738640","16"
"7751311","49"
"7753732","54"
"7769665","12"
"7808122","4"
"7810452","15"
"7835118","19"
"7924929","2"
"7940296","2"
"7952993","7"
"7980702","6"
"8012811","7"
"8017772","116"
"8117762","3"
"8125526","9"
"8137228","6"
"8142691","1"
"8169424","1"
"8296041","11"
"8339162","3"
"8405131","32"
"8427119","1"
"8485455","1"
"8515356","5"
"8532385","3"
"8532554","11"
"8566806","14"
"8576259","19"
"8634501","41"
"8688328","93"
"8734343","4"
"8776028","37"
"8784767","5"
"8818018","63"
"8875437","11"
"8905797","101"
"8906917","15"
"8939716","2"
"9026379","1"
"9078570","5"
"9121894","26"
"9232309","50"
"9268752","10"
"9282939","7"
"9344074","35"
"9352549","15"
"9400432","11"
"9468307","3"
"9478333","23"
"9570005","17"
"9626183","293"
"9650960","7"
"9658872","71"
"9659919","5"
"9687174","14"
"9701695","33"
"9706049","403"
"9709116","19"
"9717218","2"
"9726637","2"
"9727940","39"
"9745677","3"
"9755937","8"
"9817959","20"
"9862004","73"
"9895007","1"
"9906217","77"
"9908329","16"
"9912292","4"
"9930325","5"
"9961002","7"
"9975034","3"
"9983686","4"
"10053600","3"
"10084678","74"
"10138664","3"
"10172529","13"
"10188194","24"
"10233169","4"
"10258995","1"
"10260382","1"
"10280298","1"
"10282819","2"
"10296656","50"
"10301817","68"
"10358518","8"
"10377821","122"
"10379711","29"
"10388177","16"
"10396798","26"
"10410843","4"
"10412281","22"
"10425716","12"
"10435441","41"
"10435922","10"
"10451754","2"
"10464490","4"
"10520061","66"
"10521722","59"
"10548198","15"
"10574931","10"
"10576004","95"
"10585250","20"
"10631290","14"
"10660095","3"
"10752463","4"
"10773454","1"
"10777706","54"
"10784470","35"
"10812016","1"
"10815238","16"
"10817458","7"
"10819648","9"
"10829314","11"
"10832091","68"
"10832897","23"
"10832960","15"
"10834528","4"
"10910878","4"
"10936889","6"
"10947458","5"
"10955983","7"
"10963081","4"
"11001304","11"
"11061859","10"
"11072255","28"
"11095632","3"
"11107988","39"
"11120703","7"
"11132347","16"
"11139593","62"
"11144636","22"
"11175147","2"
"11176827","9"
"11182376","11"
"11183490","1"
"11212499","2"
"11227723","14"
"11228451","52"
"11238565","13"
"11265367","4"
"11291526","8"
"11297052","1"
"11318999","15"
"11323491","13"
"11338993","11"
"11362536","3"
"11402707","72"
"11467831","2"
"11473240","14"
"11474560","2"
"11494393","432"
"11554847","6"
"11570176","1"
"11588385","1"
"11605642","17"
"11622535","112"
"11625417","9"
"11680693","2"
"11702237","5"
"11704557","1"
"11706023","16"
"11707880","4"
"11737051","11"
"11744765","10"
"11746264","2"
"11753236","43"
"11761587","14"
"11784159","17"
"11785544","12"
"11802012","3"
"11850935","7"
"11854803","22"
"11912097","5"
"11924541","6"
"12092942","2"
"12170217","10"
"12192051","13"
"12197208","2"
"12226983","13"
"12229395","2"
"12326365","3"
"12402890","4"
"12449377","1"
"12520304","6"
"12582238","18"
"12586102","3"
"12630000","1"
"12653317","3"
"12666384","36"
"12670029","4"
"12682828","1"
"12682853","28"
"12719568","2"
"12740796","33"
"12746037","44"
"12749140","104"
"12761803","1"
"12798077","2"
"12814859","119"
"12821674","24"
"12878383","1"
"12908987","10"
"13061306","14"
"13071706","32"
"13082203","2"
"13095216","40"
"13097260","1"
"13128433","7"
"13334964","14"
"13368782","4"
"13393204","17"
"13398866","2"
"13403042","47"
"13454056","3"
"13462180","17"
"13464028","2"
"13480659","4"
"13481226","31"
"13489032","25"
"13490952","2"
"13494877","19"
"13509074","5"
"13520780","4"
"13523497","5"
"13539138","7"
"13544235","1"
"13593152","3"
"13595364","3"
"13613053","86"
"13615253","6"
"13621454","5"
"13635889","1"
"13636819","1"
"13640327","2"
"13642463","32"
"13655055","1"
"13664602","7"
"13679102","3"
"13680016","5"
"13719308","3"
"13735930","1"
"13737011","24"
"13740270","2"
"13742311","2"
"13759969","10"
"13837159","3"
"13865588","3"
"14027141","1"
"14101318","10"
"14116012","3"
"14210902","8"
"14286406","31"
"14328878","2"
"14457963","26"
"14505051","10"
"14515342","102"
"14545279","25"
"14627410","1"
"14682420","105"
"14698825","1"
"14771481","100"
"14773650","10"
"14782669","3"
"14847736","2"
"14848865","1"
"14897153","2"
"14957066","4"
"14959628","15"
"14989257","21"
"14995115","38"
"15017277","8"
"15022227","120"
"15080529","4"
"15125364","6"
"15195328","2"
"15205847","2"
"15239162","1"
"15246185","4"
"15363005","2"
"15417633","1"
"15471020","4"
"15500909","8"
"15509641","13"
"15525750","47"
"15536213","5"
"15548976","5"
"15592045","36"
"15627284","34"
"15669545","3"
"15676204","31"
"15710174","4"
"15778405","26"
"15867274","8"
"15962985","19"
"16030648","10"
"16154948","1"
"16174927","14"
"16230400","20"
"16310355","5"
"16409333","2"
"16423884","9"
"16428381","3"
"16534152","4"
"16622735","1"
"16647116","15"
"16741757","20"
"16782015","37"
"16792291","24"
"16837900","11"
"16846494","2"
"16988139","8"
"17020688","2"
"17021738","1"
"17038695","2"
"17070556","1"
"17081302","5"
"17296591","76"
"17328893","5"
"17332041","4"
"17472048","1"
"17708574","1"
"17753126","4"
"17785086","5"
"17865733","8"
"17867788","21"
"17924077","8"
"17941398","2"
"18006157","41"
"18013712","3"
"18022219","88"
"18054793","29"
"18059452","3"
"18059812","2"
"18097224","1"
"18236982","4"
"18257960","26"
"18313948","7"
"18415473","2"
"18429672","4"
"18469788","10"
"18655199","4"
"18674058","4"
"18781956","14"
"18790667","1"
"18810686","21"
"18821370","34"
"18847237","6"
"18869596","3"
"18903735","1"
"18904813","159"
"18937463","1"
"19010386","11"
"19047987","9"
"19085523","1"
"19185130","1"
"19320997","25"
"19569279","2"
"19594347","1"
"19612571","3"
"19644716","5"
"19696936","6"
"19710500","3"
"19717550","1"
"19761685","1"
"20138487","5"
"20163538","3"
"20390809","1"
"20435182","1"
"20450716","1"
"20450796","14"
"20532547","8"
"20666664","14"
"20682630","23"
"20737229","6"
"20873386","1"
"20955762","1"
"21044484","4"
"21058198","85"
"21174695","4"
"21187110","5"
"21312489","1"
"21618029","2"
"21629316","9"
"21719074","2"
"21784371","5"
"21921763","3"
"21924858","4"
"21971963","9"
"21974766","1"
"22041659","27"
"22042237","14"
"22045114","9"
"22046894","67"
"22047350","37"
"22050640","15"
"22052042","1"
"22053634","1"
"22053762","18"
"22054830","6"
"22056425","2"
"22056630","6"
"22077026","10"
"22084327","3"
"22095887","1"
"22105376","25"
"22110826","14"
"22123631","2"
"22141768","1"
"22167327","1"
"22833631","8"
"23428045","2"
"23458675","6"
"23620520","17"
"23775197","4"
"24136448","3"
"24177440","2"
"24265177","1"
"24272262","2"
"24495953","1"
"24729237","1"
"24919055","6"
"25037257","3"
"25037627","4"
"25045443","8"
"25051824","2"
"25070656","5"
"25830758","1"
"25858715","2"
"26108120","4"
"26550795","1"
"27299735","22"
"27326987","5"
"27406305","4"
"27428481","4"
"27496559","12"
"27623476","4"
"27633284","2"
"27671937","1"
"27676276","7"
"27777181","1"
"27859042","22"
"27881432","1"
"27955513","3"
"27977354","2"
"28033868","5"
"28178404","8"
"28317607","4"
"28338390","2"
"28376284","24"
"28401052","1"
"28625357","1"
"28992266","15"
"3751","5"
"11067","2"
"13929","5"
"18250","1"
"19019","12"
"19615","1"
"22772","14"
"23429","5"
"41254","1"
"43969","4"
"45702","4"
"47940","3"
"48829","4"
"54745","11"
"55259","16"
"58642","14"
"59582","1"
"69069","1"
"70499","3"
"74160","6"
"78782","1"
"81444","1"
"88390","4"
"90988","1"
"94451","1"
"96689","11"
"96763","2"
"99731","2"
"107530","1"
"112262","147"
"120707","8"
"124505","71"
"126528","2"
"134290","2"
"136457","1"
"137246","1"
"166720","1"
"169529","15"
"176596","5"
"189681","22"
"201672","1"
"205834","2"
"209924","1"
"214505","4"
"220953","1"
"223537","7"
"233193","3"
"238698","2"
"244129","4"
"244417","6"
"260066","2"
"276344","2"
"284018","3"
"285798","8"
"303616","3"
"306908","2"
"307612","2"
"309661","2"
"337343","11"
"344063","2"
"357887","13"
"363605","2"
"374916","7"
"383256","2"
"414089","7"
"427496","4"
"427934","1"
"440795","5"
"450059","1"
"455467","1"
"497181","1"
"546329","1"
"576260","2"
"579759","1"
"615055","4"
"640609","3"
"652682","1"
"673716","1"
"677148","2"
"686542","8"
"724361","2"
"726806","5"
"750986","20"
"772395","2"
"773433","2"
"788950","1"
"804708","1"
"811373","2"
"839143","3"
"911527","1"
"927777","9"
"979207","1"
"1009716","2"
"1015480","1"
"1017307","1"
"1025135","1"
"1031791","1"
"1084208","1"
"1093294","9"
"1100704","1"
"1195142","4"
"1214622","1"
"1242075","2"
"1412018","1"
"1414836","1"
"1436875","1"
"1449551","2"
"1453441","2"
"1471568","1"
"1492346","3"
"1600439","1"
"1607018","2"
"1764042","4"
"1799111","1"
"1838125","3"
"1852141","7"
"1886159","3"
"1890840","2"
"1903462","1"
"1916255","2"
"1964893","4"
"2146436","5"
"2201979","1"
"2206890","1"
"2207463","1"
"2213273","3"
"2244481","3"
"2246039","4"
"2266052","2"
"2281243","1"
"2312008","3"
"2315431","1"
"2345204","4"
"2372421","4"
"2375290","1"
"2381629","5"
"2381679","1"
"2409137","1"
"2422498","1"
"2434520","1"
"2445228","1"
"2480777","2"
"2535892","4"
"2572814","1"
"2601235","1"
"2624458","1"
"2660015","1"
"2709309","1"
"2749609","1"
"2768008","6"
"2787691","5"
"2801361","1"
"2814268","8"
"2835325","12"
"2873371","1"
"2874293","1"
"2886485","1"
"2909754","1"
"2940997","1"
"2945321","1"
"2987164","1"
"3004769","1"
"3036595","1"
"3036835","1"
"3095960","1"
"3122758","3"
"3173347","1"
"3180895","2"
"3205751","1"
"3236423","1"
"3283518","1"
"3287419","1"
"3296518","1"
"3389811","6"
"3429645","2"
"3462816","2"
"3487382","9"
"3498338","4"
"3499917","1"
"3549651","1"
"3594572","2"
"3641172","1"
"3669790","1"
"3708910","1"
"3752385","2"
"3769056","2"
"3770464","2"
"3827244","3"
"3872943","1"
"3877884","1"
"3983276","2"
"3997006","1"
"4030767","1"
"4045632","1"
"4052435","1"
"4058558","1"
"4255397","7"
"4428725","3"
"4476638","1"
"4477515","1"
"4569976","1"
"4607985","5"
"4695209","5"
"4722740","1"
"4776433","1"
"4780077","1"
"4809226","1"
"4899910","1"
"4911527","7"
"4993581","1"
"5041761","1"
"5120709","3"
"5350409","1"
"5368058","2"
"5377260","10"
"5379586","3"
"5398997","1"
"5472160","1"
"5548430","1"
"5552730","8"
"5568720","1"
"5573155","1"
"5597614","3"
"5602838","4"
"5718353","3"
"5731028","1"
"5778983","4"
"5784154","1"
"5829099","1"
"5944667","4"
"5979563","1"
"5989485","1"
"6065511","5"
"6095575","1"
"6108651","1"
"6236268","18"
"6239513","2"
"6299920","1"
"6307815","1"
"6404061","3"
"6457494","1"
"6505671","1"
"6571469","1"
"6753616","1"
"6800846","4"
"6853230","2"
"6861499","10"
"6882788","1"
"6962535","1"
"6965574","3"
"6970257","3"
"7075652","3"
"7147408","3"
"7198962","1"
"7249970","3"
"7305150","1"
"7306369","1"
"7344511","1"
"7361572","1"
"7383416","2"
"7412153","1"
"7432562","8"
"7553911","1"
"7623896","1"
"7645899","2"
"7732133","3"
"7811703","1"
"7846270","1"
"7883108","3"
"7883561","15"
"8091268","1"
"8117944","1"
"8162617","1"
"8170478","14"
"8228397","3"
"8270641","1"
"8339915","1"
"8346508","2"
"8387817","1"
"8390641","1"
"8404580","2"
"8596480","1"
"8670482","1"
"8742938","2"
"8769923","1"
"8772689","3"
"8789813","1"
"8837968","1"
"8847632","1"
"8854423","1"
"8875464","18"
"8913435","7"
"8944249","1"
"8984199","1"
"9051214","1"
"9139436","1"
"9160279","1"
"9240557","2"
"9255018","1"
"9343717","3"
"9380376","1"
"9382176","4"
"9392393","1"
"9504109","4"
"9511165","4"
"9540082","1"
"9589511","4"
"9597076","2"
"9599053","1"
"9664486","11"
"9677139","244"
"9701410","1"
"9703605","5"
"9704915","1"
"9709068","2"
"9777067","2"
"9814221","1"
"9843828","2"
"9865676","3"
"9866862","1"
"9877090","1"
"9893161","2"
"9931815","41"
"9982219","1"
"9995314","1"
"10060643","231"
"10066441","1"
"10084609","1"
"10123492","2"
"10125352","1"
"10128842","1"
"10172252","2"
"10192555","1"
"10196307","2"
"10199826","7"
"10260310","1"
"10281182","1"
"10281816","1"
"10432015","31"
"10447564","2"
"10473430","4"
"10512042","1"
"10526188","7"
"10528918","2"
"10541844","1"
"10555368","2"
"10589306","3"
"10732476","9"
"10733538","5"
"10741429","2"
"10803994","6"
"10814377","4"
"10829089","1"
"10854850","1"
"10859865","1"
"10905378","1"
"10953007","4"
"10956038","8"
"10956567","1"
"10964976","2"
"11006951","1"
"11026907","1"
"11034513","1"
"11066875","1"
"11080800","2"
"11083412","1"
"11127510","9"
"11165808","2"
"11173957","2"
"11197300","3"
"11348682","6"
"11384611","4"
"11453235","1"
"11512622","1"
"11537177","11"
"11581362","1"
"11662013","2"
"11668604","1"
"11698195","7"
"11720517","1"
"11733127","1"
"11735060","3"
"11797084","4"
"11817714","1"
"12260707","1"
"12262320","1"
"12274903","1"
"12280393","5"
"12308151","2"
"12313618","1"
"12315617","3"
"12316998","2"
"12317433","1"
"12350238","1"
"12398542","1"
"12474524","4"
"12488104","1"
"12505449","3"
"12508484","2"
"12509066","1"
"12516628","3"
"12526520","1"
"12589909","1"
"12622087","1"
"12715530","5"
"12738012","2"
"12806676","4"
"12807650","1"
"12861561","1"
"12967267","1"
"12998527","8"
"13126326","4"
"13155583","1"
"13413696","3"
"13415499","1"
"13430369","3"
"13537757","2"
"13541961","1"
"13570263","4"
"13585659","2"
"13603046","1"
"13624635","1"
"13636329","3"
"13636760","2"
"13685691","1"
"13714859","1"
"13719548","2"
"13747237","1"
"13747894","3"
"13766624","1"
"13778815","1"
"13808342","1"
"13822802","1"
"13867933","1"
"13964115","1"
"14000694","3"
"14057734","1"
"14149638","1"
"14179437","2"
"14263163","6"
"14287549","1"
"14310944","10"
"14429281","1"
"14435272","1"
"14486832","1"
"14543063","3"
"14666817","8"
"14737226","2"
"14756103","1"
"14806250","5"
"14846150","72"
"14880605","5"
"14910241","1"
"14914675","1"
"14922006","2"
"15093986","1"
"15134766","1"
"15228302","1"
"15252261","1"
"15285403","1"
"15393494","12"
"15531805","1"
"15536505","1"
"15563546","1"
"15573016","3"
"15612970","8"
"15623292","10"
"15646653","1"
"15708243","1"
"15708458","3"
"15718946","7"
"15729314","367"
"15743643","3"
"15759579","1"
"15793721","2"
"15794603","6"
"15915198","1"
"15956179","12"
"15998060","3"
"16020916","1"
"16077481","3"
"16116800","10"
"16195282","10"
"16219560","1"
"16224803","1"
"16290623","1"
"16307010","2"
"16363717","1"
"16415741","10"
"16550843","1"
"16569855","1"
"16611808","23"
"16638704","1"
"16640920","3"
"16691009","1"
"16717734","1"
"16723951","4"
"16730686","1"
"16733587","1"
"16754990","8"
"16770502","2"
"16798228","1"
"16834666","1"
"16904075","6"
"16949824","3"
"16988042","1"
"17009322","1"
"17036156","49"
"17059127","4"
"17134485","1"
"17139019","38"
"17169141","1"
"17193964","1"
"17251459","8"
"17273246","1"
"17322266","1"
"17373284","2"
"17392942","1"
"17466008","2"
"17466721","1"
"17479978","1"
"17529102","1"
"17532093","1"
"17539972","4"
"17593904","4"
"17629210","33"
"17646483","1"
"17648544","1"
"17664209","1"
"17746668","1"
"17784660","1"
"17840201","43"
"17879187","1"
"17921081","3"
"17922358","21"
"17964103","55"
"17982701","2"
"18026805","1"
"18028838","1"
"18029648","6"
"18035907","1"
"18199108","1"
"18258297","1"
"18260477","15"
"18272904","4"
"18290070","1"
"18355741","1"
"18418200","20"
"18461617","1"
"18498547","1"
"18507554","2"
"18513548","51"
"18552022","22"
"18646362","2"
"18714651","82"
"18719465","1"
"18822502","6"
"18993586","1"
"19099635","1"
"19122404","3"
"19147330","1"
"19314846","15"
"19329970","1"
"19379132","1"
"19517346","1"
"19525779","1"
"19537063","1"
"19552315","6"
"19581764","1"
"19600642","1"
"19630614","4"
"19637265","1"
"19641501","1"
"19664730","33"
"19685186","1"
"19689982","4"
"19755702","1"
"19758699","218"
"19820804","1"
"19823479","3"
"19936916","1"
"19943063","35"
"20008478","13"
"20029138","6"
"20029706","1"
"20030610","1"
"20064306","1"
"20224741","1"
"20226295","1"
"20265215","4"
"20285835","1"
"20311740","3"
"20349010","2"
"20378057","3"
"20398795","1"
"20410311","8"
"20425918","1"
"20434473","8"
"20465270","1"
"20508542","30"
"20532667","6"
"20634755","1"
"20637830","4"
"20647545","2"
"20680088","1"
"20752407","2"
"20754312","3"
"20774253","2"
"20835622","2"
"20844574","4"
"20935792","10"
"21034797","1"
"21065369","5"
"21125630","3"
"21191867","1"
"21216818","1"
"21341462","1"
"21358389","1"
"21603107","1"
"21640858","1"
"21770593","1"
"21864762","2"
"21908633","2"
"22076833","2"
"22085827","1"
"22116372","2"
"22208853","3"
"22211488","1"
"22236354","1"
"22278515","1"
"22331562","1"
"22402010","11"
"22513118","1"
"22823126","1"
"22946554","5"
"22984128","8"
"23114966","1"
"23115673","1"
"23249012","1"
"23465223","1"
"23471356","3"
"23537807","1"
"23600597","3"
"23924596","1"
"23961495","1"
"23964055","1"
"24240637","1"
"24283325","1"
"24349402","1"
"24431405","1"
"24491126","2"
"24498221","1"
"24540619","2"
"24568290","4"
"24618268","1"
"24663283","1"
"24899862","1"
"24900752","1"
"24908811","2"
"24938003","2"
"25004073","1"
"25040693","1"
"25076502","1"
"25256022","1"
"25395643","1"
"25440413","1"
"25545538","1"
"25650073","2"
"25672260","1"
"25944077","1"
"25954906","1"
"25977484","2"
"26091726","2"
"26112145","1"
"26119533","1"
"26276834","1"
"26341053","1"
"26392840","1"
"26459676","1"
"26588971","2"
"26674333","1"
"26783304","2"
"26873823","1304"
"26936537","1"
"26961388","1"
"26965543","2"
"27051487","1"
"27147563","1"
"27232955","1"
"27306008","1"
"27345935","1"
"27375757","2"
"27422150","1"
"27434109","2"
"27469596","1"
"27499427","1"
"27501293","3"
"27530962","1"
"27533386","1"
"27536536","1"
"27681681","1"
"27740539","2"
"27852169","1"
"27980298","1"
"28085151","4"
"28117425","2"
"28119927","1"
"28139204","1"
"28153902","1"
"28169699","1"
"28357332","1"
"28405382","1"
"28459924","11"
"28475997","2"
"28486256","1"
"28510906","1"
"28552779","1"
"28581442","1"
"28592646","1"
"28690670","3"
"28754602","1"
"28758106","1"
"28947710","1"
"28952769","2"
"29023113","1"
"29116788","1"
