"`project_id`","`number_of_commits`"
"19","8974"
"74","3637"
"102","310"
"114","1635"
"183","25743"
"274","586"
"299","69"
"310","1643"
"392","19877"
"411","431"
"434","5808"
"479","161"
"572","3599"
"695","44"
"940","1411"
"964","73"
"1088","99499"
"1091","861"
"1097","45"
"1318","1351"
"1322","624"
"1358","411"
"1650","294"
"1743","1513"
"1896","3384"
"1903","92"
"2042","2117"
"2236","780"
"2290","51"
"2301","51"
"2310","418"
"2470","1165"
"2498","549"
"2524","43"
"2781","202"
"2888","2403"
"2895","2077"
"3095","1526"
"3182","1167"
"3345","267"
"3500","10565"
"3623","818"
"3633","433"
"3669","93"
"3705","357"
"3816","7006"
"4161","175"
"4454","13"
"4492","152"
"4718","252"
"5022","1883"
"5101","1194"
"5162","1000"
"5245","4360"
"5273","582"
"5520","74445"
"5672","464"
"5754","1038"
"5759","1215"
"5767","6978"
"6119","991"
"6142","633"
"6368","11595"
"6413","1790"
"6419","473"
"6489","8015"
"6558","897"
"6603","204"
"6606","1089"
"6729","65"
"6785","2306"
"6815","9194"
"6845","12475"
"6848","631"
"6882","120"
"6883","3884"
"7178","1014"
"7208","586"
"7209","100"
"8127","16725"
"8168","390"
"8256","54"
"8366","163"
"8423","4665"
"8547","308"
"8721","6471"
"8943","100"
"9000","763"
"9047","851"
"9150","2071"
"9316","28435"
"9446","14"
"9716","633"
"9840","6162"
"9877","626"
"10098","865"
"10197","1581"
"10457","1024"
"10559","1436"
"10641","4245"
"10679","3412"
"10692","118"
"11005","620"
"11360","6558"
"11630","1754"
"11652","183"
"11706","316"
"11788","187"
"11902","2619"
"12678","13"
"12747","3683"
"13021","1467"
"13043","512"
"13255","2336"
"13760","28"
"13860","42857"
"14361","1"
"14688","991"
"15423","110"
"16037","1"
"16379","42"
"16542","352"
"17387","369"
"17694","76402"
"17880","538"
"17969","625"
"18104","2944"
"18152","509"
"18170","3420"
"18659","5137"
"18856","151"
"18911","3861"
"18976","319"
"19135","187"
"19640","35"
"19988","25"
"20138","167"
"20282","867"
"20722","255"
"20862","108"
"21127","4989"
"21280","539"
"21608","364"
"21742","206"
"22068","63"
"22117","667"
"22190","163"
"22940","19"
"23122","168"
"23249","538"
"23301","730"
"23650","124"
"23857","217"
"23888","73"
"23994","99"
"24282","68"
"24364","562"
"24423","1489"
"24444","33561"
"24553","287"
"24713","341"
"24889","118"
"24902","826"
"25304","3740"
"25524","151"
"25528","224"
"25750","319"
"25813","79"
"25987","65"
"26580","112"
"26734","469"
"27013","579"
"27605","176"
"27637","56"
"27766","397"
"28154","87"
"28204","1841"
"28315","76"
"28464","23"
"28596","133"
"28711","9"
"28763","27292"
"30402","9648"
"30411","278"
"30501","1318"
"30590","18"
"30746","322"
"31211","80"
"31238","112"
"31313","156"
"31791","400"
"31908","419"
"32185","190"
"32246","352"
"32281","31"
"32456","127"
"32733","10"
"32758","600"
"33701","271"
"33750","23"
"34098","176"
"34150","7"
"34288","107"
"34342","411"
"34418","118"
"34788","108"
"34959","370"
"35242","232"
"35872","100"
"36464","106"
"36632","129"
"37011","3130"
"37344","186"
"37367","114"
"37373","70"
"37761","3244"
"37896","148"
"38295","68"
"38936","508"
"39044","183"
"39156","750"
"39186","89"
"39594","617"
"40092","1415"
"40899","126"
"41970","118"
"43476","111"
"43782","4"
"45655","358"
"45763","341"
"46267","315"
"46761","20"
"46907","1835"
"50376","135"
"50600","17"
"51637","46"
"51883","346"
"52574","303"
"52869","307"
"53056","29"
"53860","2905"
"54076","25481"
"54085","27"
"54269","100"
"54345","127"
"54510","309"
"54542","1153"
"54655","9169"
"54818","266"
"55782","106"
"56385","4"
"56409","98"
"57382","332"
"58739","49"
"59392","30"
"59599","89"
"60146","100"
"60397","379"
"60678","34"
"60866","14"
"62315","1522"
"62782","756"
"63202","7"
"63675","21"
"63786","20"
"64525","291"
"65941","1327"
"67276","15678"
"68176","4"
"70612","153"
"72596","30"
"74212","511"
"74349","550"
"76484","372"
"77042","358"
"78652","288"
"78911","489"
"79128","109"
"79771","1081"
"79920","16"
"81895","265"
"82097","295"
"83045","39"
"84691","242"
"86825","240"
"88059","236"
"90159","1356"
"91725","330"
"92782","386"
"93646","1136"
"94667","18"
"96294","23"
"97351","211"
"100334","13"
"100525","3899"
"101636","19"
"101850","15"
"101858","112"
"102829","62"
"103698","361"
"107806","224"
"107933","343"
"108222","130"
"109876","185"
"114021","85"
"114527","362"
"116538","14"
"117301","74"
"118022","3040"
"118213","248"
"119372","1842"
"119796","80"
"120207","319"
"120682","2982"
"121310","66"
"125073","534"
"125322","131"
"129046","104"
"132412","75"
"135456","895"
"141646","285"
"142124","50"
"143961","367"
"146534","902"
"146548","99"
"146707","2"
"147222","29"
"149072","27"
"149332","3981"
"149346","347"
"150458","193"
"153895","44"
"154319","23"
"158858","2"
"159220","161"
"162433","1056"
"167562","24"
"169808","7"
"170710","300"
"177326","7359"
"181559","431"
"184184","234"
"184907","15"
"185885","35"
"186361","23"
"187243","115"
"189773","198"
"189840","114"
"190010","27"
"196307","4350"
"196754","69"
"207832","111"
"208015","11"
"208412","30"
"212801","193"
"213644","51"
"214368","2"
"214407","156"
"215799","4"
"216530","147"
"222877","2"
"223302","248"
"224259","14"
"225586","31"
"230489","542"
"237447","100"
"242885","198"
"242997","97"
"244720","21"
"248207","296"
"255490","134"
"267105","468"
"267326","2"
"268401","227"
"270057","229"
"285668","5"
"300038","9"
"301807","2"
"304058","19"
"309670","17"
"316139","516"
"321648","71"
"329121","191"
"333783","577"
"335047","241"
"357556","262"
"358604","115"
"362049","17"
"365193","577"
"365250","14"
"373271","5"
"373792","75"
"378231","82"
"386390","147"
"400032","13"
"405214","14"
"418168","123"
"422111","17"
"428467","6"
"432246","11"
"443771","258"
"446033","293"
"447075","128"
"454788","134"
"464984","42"
"466851","3"
"467707","22"
"471506","94"
"482523","13"
"482846","4"
"486209","1"
"495772","10"
"501186","54"
"506136","81"
"508194","78"
"509669","257"
"513771","96"
"515528","229"
"516315","51"
"516445","503"
"517497","278"
"521061","70"
"522376","58"
"526653","183"
"533414","652"
"537036","1306"
"547931","64"
"547984","244"
"562022","7"
"562709","7"
"566010","42"
"566985","39"
"570463","100"
"578489","42"
"580940","7"
"598625","31"
"614053","16009"
"623264","89"
"631784","31"
"646675","5"
"651549","226"
"674097","17"
"683351","5860"
"686086","120"
"690791","56"
"692724","4"
"700962","3"
"716794","11"
"719101","82"
"723835","36"
"728838","1057"
"737952","90"
"738873","60"
"759417","6"
"775774","6075"
"781314","3"
"792334","463"
"793139","3545"
"795823","2291"
"796019","1"
"798409","56"
"806576","3979"
"828852","13"
"835515","50"
"836255","23"
"837533","62"
"839727","117"
"845137","61"
"848823","2"
"860948","13"
"863457","71"
"871734","8"
"871967","9"
"874609","97"
"876346","147"
"879678","250"
"883232","152"
"886849","207"
"896266","3703"
"928567","26"
"935761","10"
"958307","24"
"962397","1"
"971750","1133"
"976726","7"
"987066","208"
"991472","2"
"1001290","33"
"1001954","100"
"1002457","480"
"1004093","1"
"1005669","47"
"1008609","9"
"1029082","2714"
"1066002","8"
"1071476","136"
"1091537","23"
"1158123","28"
"1203005","1"
"1240192","2613"
"1248109","1"
"1263208","1003"
"1343544","1631"
"1350116","47"
"1350879","26"
"1353232","10845"
"1355862","401"
"1372631","87"
"1375082","130"
"1379881","52"
"1380912","11"
"1383479","41"
"1388658","125"
"1392190","9"
"1397379","84"
"1397786","99"
"1404659","121"
"1405105","2077"
"1408576","420"
"1408779","43"
"1410453","1070"
"1411297","7"
"1432150","214"
"1434115","37"
"1434458","231"
"1438441","2148"
"1442889","24"
"1448236","166"
"1467143","699"
"1480937","830"
"1484423","200"
"1485176","395"
"1493094","300"
"1596743","14"
"1597230","1410"
"1614982","432"
"1615773","270"
"1618024","6"
"1627817","17"
"1628425","2089"
"1641298","35"
"1644185","234"
"1662677","57"
"1721110","15"
"1721429","181"
"1729874","7"
"1749436","340"
"1755197","114"
"1849696","104"
"1852022","17"
"1852290","23"
"1856308","15"
"1860691","7"
"1865447","972"
"1866971","127"
"1881829","6"
"1884166","98"
"1888822","125"
"1892878","52"
"1898151","15"
"1900277","178"
"1901643","1293"
"1905470","56"
"1914484","200"
"1925207","7"
"1927112","2"
"1930013","20"
"1939871","102"
"1979766","2"
"1984271","40"
"1987257","1"
"1999035","1890"
"2149621","14"
"2152765","41"
"2171311","2"
"2197085","1"
"2206290","52"
"2218450","17"
"2247012","16"
"2252170","1141"
"2254446","31"
"2258394","88"
"2265170","6"
"2281955","374"
"2309716","15"
"2311994","4616"
"2316410","68"
"2318134","449"
"2326959","10"
"2328346","102"
"2331699","879"
"2344415","4673"
"2362450","1309"
"2380569","249"
"2391003","9"
"2408633","1376"
"2415673","4"
"2444552","682"
"2458723","3"
"2560476","20"
"2578176","4"
"2607328","75"
"2632596","64"
"2642907","17"
"2655075","44"
"2659243","88"
"2664658","7"
"2669954","1"
"2695636","44"
"2708358","14"
"2711445","41"
"2712963","40"
"2713033","1254"
"2745392","37"
"2747684","51"
"2748682","6"
"2748870","4"
"2767613","1"
"2769527","2"
"2783220","13"
"2808872","86"
"2811760","73"
"2815812","451"
"2836442","141"
"2849882","76"
"2851222","189"
"2852547","499"
"2856422","223"
"2861410","498"
"2909122","1113"
"2925795","17"
"2927012","91"
"2935841","10"
"2939553","3"
"2966199","7"
"2977429","43"
"2985979","55"
"2986781","157"
"2990357","359"
"2993122","96"
"2994208","25"
"3016067","2"
"3025153","191"
"3028326","360"
"3039758","28"
"3114264","581"
"3128083","790"
"3129874","43"
"3130041","1"
"3132805","4365"
"3133537","138"
"3144987","46"
"3159585","555"
"3164203","913"
"3179143","34"
"3184387","25"
"3202818","168"
"3213204","17747"
"3278224","35"
"3281773","440"
"3284051","87"
"3299811","76"
"3301236","49"
"3301654","3"
"3304945","351"
"3317852","14"
"3340894","16"
"3354167","777"
"3368849","195"
"3372093","23"
"3403281","5"
"3407580","1586"
"3418036","101"
"3418197","22"
"3449537","60"
"3453938","12"
"3466928","165"
"3502336","2"
"3505797","194"
"3514941","78"
"3521399","1642"
"3536377","54"
"3536666","9"
"3538411","700"
"3542921","20"
"3550460","2"
"3568123","616"
"3593224","2"
"3594309","55"
"3623728","3"
"3637549","254"
"3649316","3"
"3696763","783"
"3714509","64"
"3722347","3062"
"3723209","16"
"3759111","161"
"3770252","502"
"3774595","100"
"3776530","299"
"3780176","642"
"3787552","54"
"3791927","67"
"3809137","2325"
"3815119","1858"
"3819597","291"
"3819931","84"
"3820956","716"
"3830632","475"
"3837155","242"
"3837225","120"
"3882145","12"
"3902707","1980"
"3916184","682"
"3922782","519"
"3925874","74"
"3928909","152"
"3934330","6"
"3945990","66"
"3955585","10"
"3960711","1290"
"3963751","1046"
"3965913","1"
"3966315","66"
"3971741","299"
"3983173","669"
"3987886","1"
"4017200","3"
"4037534","163"
"4039603","64"
"4050872","229"
"4065214","2578"
"4071845","3"
"4101279","50"
"4101347","921"
"4102215","2976"
"4109892","70"
"4115240","61"
"4128054","1990"
"4152465","30"
"4154145","75"
"4157236","6"
"4210044","352"
"4257323","27"
"4258306","87"
"4259495","243"
"4268837","1545"
"4276118","328"
"4276991","5672"
"4283778","1197"
"4297009","196"
"4300921","3"
"4305224","1"
"4316297","12"
"4339949","14"
"4360285","673"
"4362473","31"
"4369063","2203"
"4399794","53"
"4401237","52"
"4413566","42"
"4416030","32"
"4430763","25"
"4455600","7727"
"4474785","82"
"4489243","601"
"4523300","25"
"4524166","7"
"4560965","2885"
"4562344","17"
"4567322","7"
"4583291","4"
"4586596","84"
"4588041","81"
"4591038","2"
"4595984","1"
"4605271","320"
"4630402","153"
"4645107","143"
"4656181","1"
"4664140","837"
"4679054","20"
"4709944","115"
"4714616","779"
"4750397","47"
"4754158","107"
"4758331","51"
"4774942","1"
"4833548","41"
"4842023","1379"
"4848290","28"
"4897903","226"
"4919246","13"
"4920928","18"
"4947800","8"
"4951430","3"
"4952344","6441"
"5001846","455"
"5061354","195"
"5061458","303"
"5081606","323"
"5115920","18"
"5123158","74"
"5144256","146"
"5147460","19"
"5159079","17"
"5213995","208"
"5220347","715"
"5221744","59"
"5257704","1047"
"5271331","77"
"5277033","21"
"5281369","339"
"5296133","3"
"5307191","433"
"5313307","2109"
"5313700","43"
"5314023","5"
"5326736","44"
"5356444","7"
"5362935","168"
"5371222","92"
"5375264","4"
"5381072","245"
"5387682","1028"
"5388249","316"
"5389921","54"
"5391557","2"
"5395963","5"
"5396246","137"
"5399133","59"
"5431840","27"
"5440720","137"
"5452752","399"
"5473191","2"
"5476688","314"
"5507363","2190"
"5522860","17"
"5534759","243"
"5534973","184"
"5541519","8"
"5558601","303"
"5561740","899"
"5565458","24"
"5622605","14"
"5624902","31"
"5640432","383"
"5642283","1364"
"5645377","117"
"5657891","5"
"5683380","135"
"5686130","20"
"5695109","23"
"5758394","3"
"5765739","181"
"5793872","1"
"5807694","92"
"5834038","131"
"5839722","3"
"5856434","2095"
"5881747","5"
"5910519","255"
"5911551","9"
"5922785","247"
"5928095","1"
"5937008","102"
"5944315","3954"
"5981108","579"
"6011253","16"
"6011279","67"
"6029260","1335"
"6034372","14"
"6048597","222"
"6064327","305"
"6068879","323"
"6075636","68"
"6080633","5"
"6085930","11"
"6091549","523"
"6096676","262"
"6106085","101"
"6107541","2242"
"6130802","14"
"6160909","43"
"6167821","32"
"6189264","7826"
"6193466","49"
"6213142","50"
"6218854","708"
"6226713","112"
"6243709","66"
"6253397","4231"
"6265804","4"
"6274067","3"
"6282369","281"
"6318616","7"
"6326179","4"
"6342944","670"
"6386907","38"
"6437914","4708"
"6465980","79"
"6488172","3545"
"6492727","130"
"6500008","70"
"6504701","155"
"6557532","4"
"6568665","42"
"6571088","140"
"6575577","6"
"6611508","4519"
"6619345","579"
"6622991","30"
"6653710","121"
"6660726","1"
"6663351","19"
"6668420","61"
"6699359","441"
"6711793","11"
"6780885","22"
"6804771","1"
"6811697","38"
"6888804","451"
"6898760","330"
"6901625","369"
"6929777","3"
"6931752","569"
"6937275","77"
"6984352","18"
"6986882","203"
"6992183","3326"
"7001612","3086"
"7013293","103"
"7016396","10"
"7025061","290"
"7029420","1"
"7032521","122"
"7042879","106"
"7043661","28"
"7045394","206"
"7066949","21"
"7074462","22"
"7075935","985"
"7146167","8"
"7174110","24"
"7179723","62"
"7183865","44"
"7195493","496"
"7197777","5796"
"7201837","36"
"7212135","5485"
"7214291","79"
"7216211","90"
"7216824","87"
"7223006","7"
"7246778","267"
"7296297","145"
"7299725","1"
"7300073","277"
"7303857","374"
"7304063","236"
"7306673","299"
"7307371","91"
"7315440","37"
"7336999","32"
"7354866","1825"
"7375496","18"
"7401165","1"
"7427991","27"
"7453886","4"
"7487938","47"
"7503571","3"
"7507515","17"
"7515740","84"
"7535679","67"
"7544129","95"
"7562963","1043"
"7563993","29"
"7577781","2"
"7597284","159"
"7624394","1687"
"7633613","247"
"7636064","262"
"7653722","190"
"7665191","7"
"7689951","100"
"7691483","14"
"7731401","371"
"7748273","6385"
"7759493","1"
"7761310","1"
"7770700","2"
"7779141","623"
"7786292","3078"
"7819640","4"
"7835578","40"
"7899652","36"
"7960973","16"
"7961749","6"
"7983715","25"
"8010844","102"
"8011327","97"
"8013280","39"
"8017772","1024"
"8031575","895"
"8038310","310"
"8079307","316"
"8081749","885"
"8083989","11"
"8091799","97"
"8098795","38"
"8117575","11"
"8140956","637"
"8143066","1"
"8160559","63"
"8163527","3"
"8165014","788"
"8188075","100"
"8217251","24"
"8231206","18"
"8244394","928"
"8249876","3"
"8255049","124"
"8262537","6"
"8282008","119"
"8284977","26"
"8287262","365"
"8292833","3072"
"8324023","1344"
"8332620","155"
"8347118","1"
"8355029","360"
"8355399","244"
"8358699","65"
"8375204","4"
"8391940","7"
"8479254","693"
"8592995","519"
"8622574","10"
"8667546","45"
"8714843","6"
"8730740","120"
"8788120","943"
"8806813","68"
"8814281","171"
"8824478","28"
"8852349","3"
"8870998","61"
"8913939","969"
"8939642","77"
"8941324","134"
"8951577","22"
"8967841","46"
"9011152","9"
"9017041","189"
"9022688","40"
"9026308","189"
"9049071","122"
"9067322","1"
"9073758","27"
"9092306","5"
"9103055","20"
"9122949","592"
"9125619","87"
"9140398","156"
"9164060","824"
"9174160","123"
"9191905","202"
"9210469","50"
"9213131","303"
"9222871","437"
"9243301","468"
"9267291","81"
"9277298","161"
"9322184","412"
"9343682","96"
"9349267","18"
"9371999","22"
"9387761","16"
"9391898","133"
"9463069","17"
"9467909","135"
"9513334","11"
"9541726","640"
"9544569","165"
"9573385","47"
"9592051","13"
"9602553","583"
"9604324","31"
"9606876","173"
"9608984","165"
"9631508","165"
"9640788","463"
"9642040","34"
"9642201","213"
"9643526","67"
"9675870","396"
"9687113","61"
"9698210","4769"
"9699432","7"
"9702373","83"
"9728877","1948"
"9729101","100"
"9733459","69"
"9734803","3"
"9739323","10"
"9743302","92"
"9743691","152"
"9750543","289"
"9767990","10"
"9784925","254"
"9808795","12"
"9812676","23"
"9815750","9"
"9817124","2"
"9832188","154"
"9839038","57"
"9840369","3"
"9856432","686"
"9876211","62"
"9881161","5"
"9905631","66"
"9906217","11038"
"9929464","275"
"9951149","21"
"9957253","290"
"9961002","516"
"9969413","95"
"9970320","65"
"9970551","56"
"9982844","67"
"9990541","13"
"9997017","3254"
"10038647","48"
"10044737","42"
"10114497","128"
"10118382","176"
"10127207","258"
"10153922","153"
"10157323","173"
"10177094","15"
"10178941","19"
"10191748","37"
"10197976","164"
"10243690","9"
"10247526","23"
"10263240","35"
"10270001","911"
"10279721","439"
"10342620","757"
"10345880","24"
"10373871","15"
"10374232","42"
"10396650","26"
"10397016","409"
"10399292","88"
"10400153","97"
"10407448","381"
"10424121","474"
"10425724","2142"
"10426417","321"
"10446082","179"
"10454675","53"
"10467357","54"
"10474128","60"
"10481791","30"
"10498388","179"
"10504717","52"
"10510425","229"
"10512714","899"
"10516291","6"
"10527161","22"
"10529088","424"
"10536450","177"
"10555329","9"
"10557577","2"
"10579063","259"
"10583437","85"
"10585815","969"
"10589192","414"
"10592295","8"
"10603682","1340"
"10618426","56"
"10628625","1196"
"10631290","139"
"10632719","106"
"10642813","800"
"10643410","260"
"10646013","18"
"10664153","187"
"10737339","1463"
"10738206","670"
"10751880","3170"
"10761212","990"
"10763441","2"
"10773911","11"
"10776958","12"
"10804720","143"
"10809851","208"
"10812681","105"
"10815238","330"
"10823903","94"
"10849909","13"
"10900987","140"
"10910895","172"
"10923285","75"
"10925346","40"
"10936394","63"
"10938134","1769"
"10947670","753"
"10952404","21135"
"10962335","172"
"10962779","5"
"10962849","13"
"10975446","201"
"10989920","2"
"11012738","789"
"11013888","20"
"11013924","60"
"11024195","5"
"11040302","744"
"11062926","51"
"11066273","55"
"11066612","12"
"11090356","3"
"11093372","41"
"11100344","177"
"11103777","104"
"11106278","33"
"11106486","7"
"11125771","83"
"11131003","46"
"11132347","146"
"11136338","407"
"11139593","340"
"11145029","1315"
"11145131","1230"
"11151943","392"
"11152337","2"
"11159171","22"
"11161717","137"
"11172191","15"
"11175472","5"
"11195759","28"
"11200027","113"
"11228639","225"
"11252194","48"
"11254287","25"
"11297013","74"
"11313132","1061"
"11328039","325"
"11336759","245"
"11340887","18"
"11356684","128"
"11358572","13"
"11391757","226"
"11406821","2117"
"11412460","13"
"11415691","3"
"11463276","1206"
"11466528","27"
"11473240","215"
"11473378","94"
"11497760","26"
"11517780","144"
"11519584","276"
"11538174","13"
"11548146","54"
"11551813","5"
"11568187","32"
"11585826","353"
"11602105","569"
"11608399","486"
"11615983","188"
"11634048","3"
"11634199","258"
"11654207","7"
"11657787","9"
"11660455","29"
"11665863","430"
"11665972","1021"
"11676394","849"
"11687254","100"
"11687706","8"
"11735057","343"
"11740562","94"
"11751488","6"
"11754997","638"
"11769880","27"
"11789030","11"
"11794421","811"
"11794796","2"
"11803307","15"
"11821658","441"
"11832442","645"
"11907220","14"
"12015230","16"
"12115012","15"
"12150380","246"
"12163166","136"
"12177558","4"
"12186213","148"
"12200161","81"
"12214267","93"
"12216920","171"
"12220669","13"
"12221622","869"
"12240930","170"
"12304144","104"
"12306986","25"
"12313995","12"
"12332374","3"
"12357324","7"
"12379752","3"
"12390453","2026"
"12413568","48"
"12422593","19"
"12424121","76"
"12435659","127"
"12439319","4"
"12489054","16"
"12518556","6"
"12519818","3"
"12529191","4"
"12557120","7"
"12558650","24"
"12558703","213"
"12574852","41"
"12635450","1"
"12646060","11"
"12648497","27"
"12658463","20"
"12693962","87"
"12706844","105"
"12726897","163"
"12740796","164"
"12741487","25"
"12746126","649"
"12749548","142"
"12811549","3062"
"12827503","204"
"12868919","56"
"12930096","24"
"12959225","11"
"12963085","641"
"12996327","297"
"13007562","5034"
"13035349","77"
"13041409","506"
"13041777","85"
"13058031","211"
"13107588","31"
"13107768","804"
"13345616","2782"
"13348074","133"
"13392915","121"
"13405592","152"
"13415096","36"
"13424226","16"
"13427611","41"
"13427853","443"
"13438746","1134"
"13439860","56"
"13455680","3"
"13459418","687"
"13465629","4525"
"13466742","256"
"13467938","197"
"13480201","12"
"13494142","3"
"13509305","25"
"13511109","645"
"13512471","106"
"13535423","619"
"13566846","164"
"13585290","100"
"13587145","232"
"13592253","16"
"13593152","79"
"13608843","513"
"13610294","79"
"13613295","16"
"13628694","378"
"13662472","103"
"13672208","39"
"13677100","149"
"13705953","13"
"13706917","220"
"13725284","27"
"13731223","2"
"13745730","233"
"13752290","179"
"13763415","331"
"13801357","118"
"13923935","3"
"13972688","38"
"13972945","2"
"13988574","3"
"14023404","3"
"14028095","1"
"14048541","8"
"14049042","7"
"14093645","20"
"14117379","1"
"14157917","1"
"14254560","548"
"14280165","169"
"14348013","27"
"14368838","41"
"14370006","169"
"14381362","54"
"14393575","7"
"14417909","1"
"14419822","1"
"14434431","1"
"14451906","304"
"14457963","741"
"14476526","1"
"14476691","73"
"14481490","239"
"14496805","20"
"14524682","39"
"14576864","22"
"14580652","4"
"14625866","1"
"14628898","4"
"14660968","334"
"14677016","24"
"14691115","46"
"14693824","449"
"14719391","71"
"14724057","738"
"14740294","9"
"14758742","179"
"14782669","56"
"14786385","37"
"14802362","4"
"14827639","121"
"14827965","1766"
"14857693","78"
"14918208","1"
"14945138","643"
"14978563","111"
"14990109","70"
"14995695","14"
"14998555","127"
"15007473","6"
"15016739","63"
"15027002","8968"
"15053873","129"
"15059119","43"
"15068747","17"
"15082100","10"
"15112387","3"
"15167392","847"
"15238079","103"
"15248377","27"
"15251207","11"
"15286764","35"
"15303824","369"
"15313669","35"
"15344258","13"
"15361130","55"
"15388751","24"
"15400569","118"
"15407695","264"
"15454610","5"
"15488641","11"
"15531696","37"
"15542064","10"
"15554547","590"
"15583272","449"
"15601873","191"
"15625859","21696"
"15632990","16"
"15643041","539"
"15662475","107"
"15673227","34"
"15687402","4"
"15692108","6"
"15724079","32"
"15731277","1216"
"15748127","17"
"15748215","13"
"15770343","201"
"15772261","1"
"15779775","1"
"15784059","3692"
"15845303","380"
"15915189","435"
"15930747","468"
"15932489","787"
"15952671","38"
"16037577","195"
"16074108","582"
"16076757","113"
"16085723","145"
"16112679","63"
"16121233","63"
"16132422","5"
"16141280","57"
"16182332","20"
"16192892","1340"
"16272431","4"
"16283191","308"
"16283276","15"
"16285631","28"
"16292870","86"
"16298014","14"
"16312951","357"
"16327814","23"
"16331104","45"
"16357580","1849"
"16358223","353"
"16372223","5"
"16394658","22"
"16409304","2"
"16415982","36"
"16463877","7"
"16475588","15"
"16530237","145"
"16547702","44"
"16636130","24"
"16639962","53"
"16763781","1194"
"16791438","19"
"16837859","7"
"16837900","120"
"16872502","198"
"16889361","145"
"16908261","2"
"16931183","38"
"16952166","6"
"16989116","2"
"17018589","114"
"17127755","45"
"17140721","15"
"17142708","192"
"17176792","60"
"17253732","101"
"17262021","2"
"17302013","3155"
"17302594","11594"
"17314643","32"
"17327635","117"
"17343187","34"
"17383291","118"
"17402504","1"
"17484762","110"
"17491763","666"
"17496932","1"
"17519825","15"
"17519983","71"
"17549033","4"
"17555997","181"
"17567258","137"
"17573132","1"
"17596843","7"
"17598670","1"
"17613279","5"
"17667246","1"
"17675810","54"
"17727833","505"
"17739888","426"
"17770132","124"
"17784756","34"
"17787386","1152"
"17797811","275"
"17811544","131"
"17850162","6"
"17861278","260"
"17865733","177"
"17899755","33"
"17900033","21"
"17911207","5278"
"17916657","37"
"17936237","37"
"17962275","495"
"18020458","42"
"18022219","1488"
"18024328","163"
"18036564","191"
"18044666","1"
"18110177","518"
"18118027","1"
"18123826","1"
"18213132","166"
"18257042","13"
"18257960","503"
"18269548","408"
"18275721","18"
"18301813","19"
"18318098","19"
"18330509","368"
"18348479","764"
"18436362","25"
"18441369","234"
"18467332","340"
"18470725","8"
"18531668","212"
"18541265","1"
"18584403","77"
"18593060","670"
"18603606","33"
"18618001","2"
"18655199","247"
"18693379","10"
"18719162","56"
"18728073","110"
"18761063","27"
"18799354","23"
"18829446","15"
"18856552","1040"
"18857226","24"
"18909070","39"
"18911442","172"
"18919766","20"
"18928200","5"
"18934757","4"
"19007344","913"
"19007776","24"
"19015808","108"
"19019018","165"
"19061059","672"
"19098171","4"
"19152564","5"
"19152765","163"
"19186831","43"
"19271473","13"
"19317332","12"
"19391455","7"
"19458365","1"
"19511451","16"
"19522504","564"
"19578935","12"
"19587421","7"
"19616137","21755"
"19645360","50"
"19646876","322"
"19677029","26"
"19684534","43"
"19694326","455"
"19713336","73"
"19731353","51"
"19737681","47"
"19804249","114"
"19862717","28"
"19880177","17"
"19908030","101"
"19971063","193"
"19993942","2"
"20004098","175"
"20039757","716"
"20042424","78"
"20078281","3225"
"20085478","193"
"20090050","9"
"20125997","3"
"20133503","64"
"20136748","48"
"20138455","90"
"20170898","2286"
"20182001","3"
"20207238","18"
"20218338","15"
"20220674","999"
"20235558","8"
"20235707","11"
"20290778","487"
"20291110","10"
"20294415","1"
"20335711","1020"
"20363146","46"
"20370633","223"
"20390381","16"
"20409354","179"
"20429570","2157"
"20431860","172"
"20470577","29"
"20491401","44"
"20534866","2"
"20589882","29"
"20604401","7"
"20614123","562"
"20649502","144"
"20671347","20"
"20675982","24"
"20679427","289"
"20743223","474"
"20809368","159"
"20819094","60"
"20873386","7"
"20966060","105"
"20975187","65"
"21018493","81"
"21025240","27"
"21048241","27"
"21070376","7"
"21181796","22"
"21230300","3"
"21242672","4"
"21250941","15"
"21292496","58"
"21300380","8"
"21358127","5"
"21381822","20"
"21394464","1"
"21402968","10"
"21407947","89"
"21420256","110"
"21541682","2"
"21629316","91"
"21647104","34"
"21683376","160"
"21743385","28"
"21748656","56"
"21779620","100"
"21855974","123"
"21862489","3"
"21876127","65"
"21898406","92"
"21910390","14"
"22015744","505"
"22043755","329"
"22044500","970"
"22045640","145"
"22046016","596"
"22048017","13"
"22048081","177"
"22066527","310"
"22069136","60"
"22069934","54"
"22070816","99"
"22071989","197"
"22075540","139"
"22091370","25331"
"22091899","11"
"22092113","19"
"22128007","16"
"22169163","74"
"22185738","8"
"22222136","280"
"22247124","7"
"22259219","158"
"22306898","2"
"22349524","82"
"22403802","28"
"22551068","41"
"22682660","67"
"22707184","28"
"22739690","9"
"22873585","22"
"23109729","1"
"23295009","1"
"23357535","49"
"23372065","95"
"23563217","34"
"23578372","1"
"23615123","225"
"23651097","9"
"23811108","192"
"24081977","9"
"24108378","1"
"24139115","474"
"24145027","71"
"24148064","8"
"24177305","42"
"24221905","1"
"24223768","3"
"24253722","51"
"24292670","2"
"24305814","1"
"24494394","8"
"24793559","3"
"24809274","5"
"24810010","146"
"24934085","311"
"24944429","355"
"24956596","101"
"24959908","136"
"24996809","32"
"25029093","26"
"25031693","41"
"25037627","43"
"25073268","54"
"25090094","20"
"25108643","86"
"25139441","6"
"25167525","1"
"25203109","13"
"25302591","24"
"25382198","99"
"25422470","3"
"25533958","32"
"25625314","42"
"25859912","36"
"25889986","24"
"25895634","1"
"26108120","53"
"26138121","106"
"26155191","75"
"26164589","4"
"26166110","1169"
"26190527","107"
"26206430","1"
"26222249","3"
"26236586","1"
"26245476","2911"
"26246385","249"
"26275189","26"
"26279748","3"
"26284149","77"
"26301794","2"
"26319234","7"
"26352309","1"
"26424759","1"
"26480180","5"
"26504469","78"
"26525696","21"
"26564562","13"
"26639653","37"
"26779299","25"
"26922010","1188"
"26985008","535"
"27026282","322"
"27208040","7"
"27235602","3"
"27276128","1"
"27328025","2"
"27386437","67"
"27431484","12"
"27491012","44"
"27530966","5"
"27580781","6"
"27630499","7"
"27667706","59"
"27673453","2"
"27709594","10"
"27905590","2"
"27930209","43"
"27974106","16"
"27979012","8"
"28106803","43"
"28110760","3"
"28182362","2"
"28207543","3"
"28229053","25"
"28244762","2"
"28251962","1"
"28330860","13"
"28332309","7"
"28332943","12"
"28357434","8"
"28442707","3"
"28541095","10"
"28563666","1"
"28573219","5"
"28575855","22"
"28580433","23"
"28590868","2"
"28591147","35"
"28702077","27"
"28715391","1"
"28746032","3"
"28768114","8"
"28770264","2"
"28866187","117"
"28895758","1"
"28963802","5"
"28992266","36"
"29048375","2"
"29118645","1"
"29119701","1"
